4584,3851,8,2017-01-01,2017-12-31
4395,407,8,2017-01-01,2017-12-31
6064,4316,8,2017-01-01,2017-12-31
6896,6827,8,2017-01-01,2017-12-31
1677,7662,8,2017-01-01,2017-12-31
9441,11917,8,2017-01-01,2017-12-31
730,768,8,2017-01-01,2017-12-31
1160,1146,8,2017-01-01,2017-12-31
2941,4009,8,2017-01-01,2017-12-31
4011,1696,8,2017-01-01,2017-12-31
4399,407,8,2017-01-01,2017-12-31
5720,5761,8,2017-01-01,2017-12-31
2068,9098,8,2017-01-01,2017-12-31
10778,10785,8,2017-01-01,2017-12-31
8679,3021,8,2017-01-01,2017-12-31
4514,9441,8,2017-01-01,2017-12-31
11910,11909,8,2017-01-01,2017-12-31
1138,10017,8,2017-01-01,2017-12-31
11225,4917,8,2017-01-01,2017-12-31
2522,2545,8,2017-01-01,2017-12-31
2993,997,8,2017-01-01,2017-12-31
3279,7810,8,2017-01-01,2017-12-31
4034,1849,8,2017-01-01,2017-12-31
10702,10714,8,2017-01-01,2017-12-31
10719,10716,8,2017-01-01,2017-12-31
3432,7076,8,2017-01-01,2017-12-31
12298,10446,8,2017-01-01,2017-12-31
368,366,8,2017-01-01,2017-12-31
1432,2857,8,2017-01-01,2017-12-31
1337,4025,8,2017-01-01,2017-12-31
6013,5055,8,2017-01-01,2017-12-31
3590,3093,8,2017-01-01,2017-12-31
7039,7662,8,2017-01-01,2017-12-31
7898,7209,8,2017-01-01,2017-12-31
4451,1822,8,2017-01-01,2017-12-31
4170,2201,8,2017-01-01,2017-12-31
4990,4607,8,2017-01-01,2017-12-31
1246,3677,8,2017-01-01,2017-12-31
5954,5720,8,2017-01-01,2017-12-31
3078,3837,8,2017-01-01,2017-12-31
392,4034,8,2017-01-01,2017-12-31
9063,5459,8,2017-01-01,2017-12-31
374,368,8,2017-01-01,2017-12-31
791,709,8,2017-01-01,2017-12-31
719,721,8,2017-01-01,2017-12-31
1056,1001,8,2017-01-01,2017-12-31
2105,2106,8,2017-01-01,2017-12-31
281,3193,8,2017-01-01,2017-12-31
905,2992,8,2017-01-01,2017-12-31
4011,4339,8,2017-01-01,2017-12-31
4700,4614,8,2017-01-01,2017-12-31
3120,2734,8,2017-01-01,2017-12-31
1337,2717,8,2017-01-01,2017-12-31
407,4399,8,2017-01-01,2017-12-31
5720,5788,8,2017-01-01,2017-12-31
1884,4990,8,2017-01-01,2017-12-31
5954,5977,8,2017-01-01,2017-12-31
2294,4316,8,2017-01-01,2017-12-31
5332,6507,8,2017-01-01,2017-12-31
1677,211,8,2017-01-01,2017-12-31
10616,10644,8,2017-01-01,2017-12-31
2201,4170,8,2017-01-01,2017-12-31
183,356,8,2017-01-01,2017-12-31
719,774,8,2017-01-01,2017-12-31
407,1337,8,2017-01-01,2017-12-31
3615,165,8,2017-01-01,2017-12-31
5434,5422,8,2017-01-01,2017-12-31
3576,4969,8,2017-01-01,2017-12-31
2269,419,8,2017-01-01,2017-12-31
5978,2645,8,2017-01-01,2017-12-31
8269,8256,8,2017-01-01,2017-12-31
1208,5482,8,2017-01-01,2017-12-31
6729,2231,8,2017-01-01,2017-12-31
10407,10430,8,2017-01-01,2017-12-31
4059,4080,8,2017-01-01,2017-12-31
3093,2886,8,2017-01-01,2017-12-31
1464,4011,8,2017-01-01,2017-12-31
407,4388,8,2017-01-01,2017-12-31
5912,2780,8,2017-01-01,2017-12-31
7194,7114,8,2017-01-01,2017-12-31
8158,7039,8,2017-01-01,2017-12-31
9069,7505,8,2017-01-01,2017-12-31
10394,10373,8,2017-01-01,2017-12-31
3090,8584,8,2017-01-01,2017-12-31
763,739,8,2017-01-01,2017-12-31
733,771,8,2017-01-01,2017-12-31
739,763,8,2017-01-01,2017-12-31
1853,1828,8,2017-01-01,2017-12-31
1692,2560,8,2017-01-01,2017-12-31
4632,4656,8,2017-01-01,2017-12-31
2717,2969,8,2017-01-01,2017-12-31
5423,3093,8,2017-01-01,2017-12-31
6813,7872,8,2017-01-01,2017-12-31
5482,7662,8,2017-01-01,2017-12-31
7810,7505,8,2017-01-01,2017-12-31
795,749,8,2017-01-01,2017-12-31
752,759,8,2017-01-01,2017-12-31
364,746,8,2017-01-01,2017-12-31
5706,5734,8,2017-01-01,2017-12-31
5798,5734,8,2017-01-01,2017-12-31
6027,6004,8,2017-01-01,2017-12-31
6447,6052,8,2017-01-01,2017-12-31
8969,8995,8,2017-01-01,2017-12-31
8158,10325,8,2017-01-01,2017-12-31
10778,10716,8,2017-01-01,2017-12-31
2097,1343,8,2017-01-01,2017-12-31
13668,13657,8,2017-01-01,2017-12-31
684,610,8,2017-01-01,2017-12-31
739,755,8,2017-01-01,2017-12-31
805,859,8,2017-01-01,2017-12-31
740,771,8,2017-01-01,2017-12-31
2222,2221,8,2017-01-01,2017-12-31
4025,975,8,2017-01-01,2017-12-31
4903,5009,8,2017-01-01,2017-12-31
7685,1646,8,2017-01-01,2017-12-31
10494,10481,8,2017-01-01,2017-12-31
4170,8679,8,2017-01-01,2017-12-31
10702,10767,8,2017-01-01,2017-12-31
10310,5093,8,2017-01-01,2017-12-31
4707,2185,8,2017-01-01,2017-12-31
5101,2588,8,2017-01-01,2017-12-31
755,750,8,2017-01-01,2017-12-31
1056,382,8,2017-01-01,2017-12-31
975,1369,8,2017-01-01,2017-12-31
2279,3509,8,2017-01-01,2017-12-31
4053,4388,8,2017-01-01,2017-12-31
4451,392,8,2017-01-01,2017-12-31
6855,6897,8,2017-01-01,2017-12-31
5482,1635,8,2017-01-01,2017-12-31
8519,258,8,2017-01-01,2017-12-31
5459,11275,8,2017-01-01,2017-12-31
9441,4514,8,2017-01-01,2017-12-31
7319,11767,8,2017-01-01,2017-12-31
3963,3920,8,2017-01-01,2017-12-31
4042,4080,8,2017-01-01,2017-12-31
915,2941,8,2017-01-01,2017-12-31
1484,2959,8,2017-01-01,2017-12-31
5423,1371,8,2017-01-01,2017-12-31
5332,1733,8,2017-01-01,2017-12-31
8270,8350,8,2017-01-01,2017-12-31
8350,8270,8,2017-01-01,2017-12-31
7612,5564,8,2017-01-01,2017-12-31
9363,8078,8,2017-01-01,2017-12-31
6729,4820,8,2017-01-01,2017-12-31
8045,8590,8,2017-01-01,2017-12-31
10899,10833,8,2017-01-01,2017-12-31
11808,932,8,2017-01-01,2017-12-31
7661,9994,8,2017-01-01,2017-12-31
13221,356,8,2017-01-01,2017-12-31
364,374,8,2017-01-01,2017-12-31
993,940,8,2017-01-01,2017-12-31
811,3752,8,2017-01-01,2017-12-31
4339,4011,8,2017-01-01,2017-12-31
4080,2789,8,2017-01-01,2017-12-31
2939,4388,8,2017-01-01,2017-12-31
1012,2645,8,2017-01-01,2017-12-31
7605,1646,8,2017-01-01,2017-12-31
3837,3078,8,2017-01-01,2017-12-31
9997,4359,8,2017-01-01,2017-12-31
382,1822,8,2017-01-01,2017-12-31
211,8363,8,2017-01-01,2017-12-31
758,795,8,2017-01-01,2017-12-31
701,771,8,2017-01-01,2017-12-31
3002,3064,8,2017-01-01,2017-12-31
950,2993,8,2017-01-01,2017-12-31
4487,4432,8,2017-01-01,2017-12-31
4053,4395,8,2017-01-01,2017-12-31
3735,3330,8,2017-01-01,2017-12-31
6064,6063,8,2017-01-01,2017-12-31
1452,2035,8,2017-01-01,2017-12-31
276,2204,8,2017-01-01,2017-12-31
191,4820,8,2017-01-01,2017-12-31
6548,10016,8,2017-01-01,2017-12-31
10067,13564,8,2017-01-01,2017-12-31
659,605,8,2017-01-01,2017-12-31
772,755,8,2017-01-01,2017-12-31
2182,2131,8,2017-01-01,2017-12-31
2326,95,8,2017-01-01,2017-12-31
2939,2906,8,2017-01-01,2017-12-31
2941,2959,8,2017-01-01,2017-12-31
4016,4012,8,2017-01-01,2017-12-31
1377,979,8,2017-01-01,2017-12-31
4395,2959,8,2017-01-01,2017-12-31
3503,5789,8,2017-01-01,2017-12-31
5668,2857,8,2017-01-01,2017-12-31
2926,10313,8,2017-01-01,2017-12-31
11276,75,8,2017-01-01,2017-12-31
2185,4707,8,2017-01-01,2017-12-31
11290,8961,8,2017-01-01,2017-12-31
9540,7721,8,2017-01-01,2017-12-31
771,760,8,2017-01-01,2017-12-31
733,716,8,2017-01-01,2017-12-31
772,768,8,2017-01-01,2017-12-31
4682,4614,8,2017-01-01,2017-12-31
2959,2511,8,2017-01-01,2017-12-31
419,2269,8,2017-01-01,2017-12-31
6070,6012,8,2017-01-01,2017-12-31
8093,8068,8,2017-01-01,2017-12-31
8297,7318,8,2017-01-01,2017-12-31
3963,1747,8,2017-01-01,2017-12-31
4552,8048,8,2017-01-01,2017-12-31
191,6729,8,2017-01-01,2017-12-31
771,772,8,2017-01-01,2017-12-31
293,299,8,2017-01-01,2017-12-31
1095,3440,8,2017-01-01,2017-12-31
4080,4013,8,2017-01-01,2017-12-31
1498,2728,8,2017-01-01,2017-12-31
997,2993,8,2017-01-01,2017-12-31
4009,4395,8,2017-01-01,2017-12-31
5370,5310,8,2017-01-01,2017-12-31
4969,2773,8,2017-01-01,2017-12-31
4226,2262,8,2017-01-01,2017-12-31
7799,2960,8,2017-01-01,2017-12-31
9369,9385,8,2017-01-01,2017-12-31
4249,10373,8,2017-01-01,2017-12-31
701,755,8,2017-01-01,2017-12-31
2263,2221,8,2017-01-01,2017-12-31
1484,2939,8,2017-01-01,2017-12-31
407,4042,8,2017-01-01,2017-12-31
2277,4200,8,2017-01-01,2017-12-31
5769,5788,8,2017-01-01,2017-12-31
5997,5912,8,2017-01-01,2017-12-31
5668,4552,8,2017-01-01,2017-12-31
9684,9664,8,2017-01-01,2017-12-31
7209,392,8,2017-01-01,2017-12-31
6733,5634,8,2017-01-01,2017-12-31
6,72,8,2017-01-01,2017-12-31
369,333,8,2017-01-01,2017-12-31
1045,1095,8,2017-01-01,2017-12-31
1031,1029,8,2017-01-01,2017-12-31
3967,1063,8,2017-01-01,2017-12-31
928,2717,8,2017-01-01,2017-12-31
5734,5798,8,2017-01-01,2017-12-31
5720,5769,8,2017-01-01,2017-12-31
4607,4990,8,2017-01-01,2017-12-31
3021,479,8,2017-01-01,2017-12-31
751,733,8,2017-01-01,2017-12-31
772,771,8,2017-01-01,2017-12-31
2278,2244,8,2017-01-01,2017-12-31
3123,610,8,2017-01-01,2017-12-31
2258,3513,8,2017-01-01,2017-12-31
5456,4395,8,2017-01-01,2017-12-31
4441,4283,8,2017-01-01,2017-12-31
5787,5766,8,2017-01-01,2017-12-31
4607,4942,8,2017-01-01,2017-12-31
2926,3093,8,2017-01-01,2017-12-31
816,4092,8,2017-01-01,2017-12-31
3590,1635,8,2017-01-01,2017-12-31
9822,10110,8,2017-01-01,2017-12-31
749,795,8,2017-01-01,2017-12-31
2106,2105,8,2017-01-01,2017-12-31
2596,2544,8,2017-01-01,2017-12-31
4042,4012,8,2017-01-01,2017-12-31
407,1371,8,2017-01-01,2017-12-31
4969,6064,8,2017-01-01,2017-12-31
6069,2773,8,2017-01-01,2017-12-31
6897,6870,8,2017-01-01,2017-12-31
6897,6855,8,2017-01-01,2017-12-31
6447,6813,8,2017-01-01,2017-12-31
4774,2841,8,2017-01-01,2017-12-31
7721,12323,8,2017-01-01,2017-12-31
740,739,8,2017-01-01,2017-12-31
1043,309,8,2017-01-01,2017-12-31
2759,975,8,2017-01-01,2017-12-31
920,662,8,2017-01-01,2017-12-31
3590,6447,8,2017-01-01,2017-12-31
628,4827,8,2017-01-01,2017-12-31
771,763,8,2017-01-01,2017-12-31
3343,3332,8,2017-01-01,2017-12-31
3637,3615,8,2017-01-01,2017-12-31
3940,1598,8,2017-01-01,2017-12-31
3188,3421,8,2017-01-01,2017-12-31
1616,2760,8,2017-01-01,2017-12-31
5761,5720,8,2017-01-01,2017-12-31
1865,4942,8,2017-01-01,2017-12-31
4942,1865,8,2017-01-01,2017-12-31
1994,6720,8,2017-01-01,2017-12-31
92,9098,8,2017-01-01,2017-12-31
10714,10716,8,2017-01-01,2017-12-31
10616,10541,8,2017-01-01,2017-12-31
9777,8006,8,2017-01-01,2017-12-31
10446,12298,8,2017-01-01,2017-12-31
6535,10196,8,2017-01-01,2017-12-31
139,8025,8,2017-01-01,2017-12-31
778,731,8,2017-01-01,2017-12-31
852,831,8,2017-01-01,2017-12-31
2221,2222,8,2017-01-01,2017-12-31
2117,241,8,2017-01-01,2017-12-31
4364,4080,8,2017-01-01,2017-12-31
1982,5096,8,2017-01-01,2017-12-31
6854,4674,8,2017-01-01,2017-12-31
7191,5116,8,2017-01-01,2017-12-31
2973,2482,8,2017-01-01,2017-12-31
8363,6084,8,2017-01-01,2017-12-31
3090,8562,8,2017-01-01,2017-12-31
10716,10778,8,2017-01-01,2017-12-31
8212,10802,8,2017-01-01,2017-12-31
362,334,8,2017-01-01,2017-12-31
733,755,8,2017-01-01,2017-12-31
385,1043,8,2017-01-01,2017-12-31
1315,1332,8,2017-01-01,2017-12-31
3332,3309,8,2017-01-01,2017-12-31
794,2911,8,2017-01-01,2017-12-31
4316,6064,8,2017-01-01,2017-12-31
8190,3590,8,2017-01-01,2017-12-31
7605,3418,8,2017-01-01,2017-12-31
9704,9755,8,2017-01-01,2017-12-31
12323,356,8,2017-01-01,2017-12-31
395,362,8,2017-01-01,2017-12-31
1291,1265,8,2017-01-01,2017-12-31
1635,441,8,2017-01-01,2017-12-31
3589,2212,8,2017-01-01,2017-12-31
5414,5456,8,2017-01-01,2017-12-31
9954,9992,8,2017-01-01,2017-12-31
9522,8679,8,2017-01-01,2017-12-31
953,6084,8,2017-01-01,2017-12-31
6591,9862,8,2017-01-01,2017-12-31
5101,12323,8,2017-01-01,2017-12-31
771,701,8,2017-01-01,2017-12-31
746,755,8,2017-01-01,2017-12-31
2185,2169,8,2017-01-01,2017-12-31
2263,2222,8,2017-01-01,2017-12-31
2717,2783,8,2017-01-01,2017-12-31
5456,4399,8,2017-01-01,2017-12-31
1498,4933,8,2017-01-01,2017-12-31
7605,4249,8,2017-01-01,2017-12-31
392,7898,8,2017-01-01,2017-12-31
8584,9522,8,2017-01-01,2017-12-31
14060,14018,8,2017-01-01,2017-12-31
771,759,8,2017-01-01,2017-12-31
739,771,8,2017-01-01,2017-12-31
772,752,8,2017-01-01,2017-12-31
5706,5724,8,2017-01-01,2017-12-31
4674,3544,8,2017-01-01,2017-12-31
3544,4674,8,2017-01-01,2017-12-31
4632,2544,8,2017-01-01,2017-12-31
4285,1651,8,2017-01-01,2017-12-31
4556,822,8,2017-01-01,2017-12-31
8256,8269,8,2017-01-01,2017-12-31
392,7209,8,2017-01-01,2017-12-31
9704,7506,8,2017-01-01,2017-12-31
10616,10576,8,2017-01-01,2017-12-31
374,364,8,2017-01-01,2017-12-31
752,724,8,2017-01-01,2017-12-31
2783,2789,8,2017-01-01,2017-12-31
625,441,8,2017-01-01,2017-12-31
1432,2776,8,2017-01-01,2017-12-31
3937,1548,8,2017-01-01,2017-12-31
2544,8006,8,2017-01-01,2017-12-31
9395,9385,8,2017-01-01,2017-12-31
4034,392,8,2017-01-01,2017-12-31
7898,1849,8,2017-01-01,2017-12-31
1678,1343,8,2017-01-01,2017-12-31
11514,11537,8,2017-01-01,2017-12-31
9421,4737,8,2017-01-01,2017-12-31
12389,9653,8,2017-01-01,2017-12-31
1947,13819,8,2017-01-01,2017-12-31
910,905,8,2017-01-01,2017-12-31
3172,3154,8,2017-01-01,2017-12-31
4052,4016,8,2017-01-01,2017-12-31
4042,4016,8,2017-01-01,2017-12-31
4016,4042,8,2017-01-01,2017-12-31
2939,5456,8,2017-01-01,2017-12-31
4009,5414,8,2017-01-01,2017-12-31
4942,1884,8,2017-01-01,2017-12-31
3503,4249,8,2017-01-01,2017-12-31
10384,10356,8,2017-01-01,2017-12-31
1343,9752,8,2017-01-01,2017-12-31
8679,8562,8,2017-01-01,2017-12-31
5096,10767,8,2017-01-01,2017-12-31
9721,6743,8,2017-01-01,2017-12-31
9653,12389,8,2017-01-01,2017-12-31
363,6519,8,2017-01-01,2017-12-31
759,771,8,2017-01-01,2017-12-31
915,975,8,2017-01-01,2017-12-31
3980,3941,8,2017-01-01,2017-12-31
1371,4025,8,2017-01-01,2017-12-31
8120,3021,8,2017-01-01,2017-12-31
7860,2973,8,2017-01-01,2017-12-31
4249,2926,8,2017-01-01,2017-12-31
10439,10407,8,2017-01-01,2017-12-31
9101,5201,8,2017-01-01,2017-12-31
780,1033,8,2017-01-01,2017-12-31
4080,4042,8,2017-01-01,2017-12-31
625,1635,8,2017-01-01,2017-12-31
2458,3635,8,2017-01-01,2017-12-31
4969,1865,8,2017-01-01,2017-12-31
4827,8368,8,2017-01-01,2017-12-31
5789,3503,8,2017-01-01,2017-12-31
6707,4249,8,2017-01-01,2017-12-31
9395,9369,8,2017-01-01,2017-12-31
8363,8961,8,2017-01-01,2017-12-31
5696,7076,8,2017-01-01,2017-12-31
5771,5720,8,2017-01-01,2017-12-31
5766,5795,8,2017-01-01,2017-12-31
6720,1994,8,2017-01-01,2017-12-31
7082,8209,8,2017-01-01,2017-12-31
1677,2926,8,2017-01-01,2017-12-31
9097,9026,8,2017-01-01,2017-12-31
4449,9619,8,2017-01-01,2017-12-31
1849,4034,8,2017-01-01,2017-12-31
191,1715,8,2017-01-01,2017-12-31
10196,6535,8,2017-01-01,2017-12-31
7643,8590,8,2017-01-01,2017-12-31
4335,7727,8,2017-01-01,2017-12-31
7721,13221,8,2017-01-01,2017-12-31
308,309,8,2017-01-01,2017-12-31
763,752,8,2017-01-01,2017-12-31
740,759,8,2017-01-01,2017-12-31
2137,2182,8,2017-01-01,2017-12-31
2759,2789,8,2017-01-01,2017-12-31
3679,3698,8,2017-01-01,2017-12-31
1482,2783,8,2017-01-01,2017-12-31
4399,2959,8,2017-01-01,2017-12-31
2734,2993,8,2017-01-01,2017-12-31
6077,6096,8,2017-01-01,2017-12-31
6001,6064,8,2017-01-01,2017-12-31
1208,8190,8,2017-01-01,2017-12-31
7209,6729,8,2017-01-01,2017-12-31
8584,3021,8,2017-01-01,2017-12-31
10716,10702,8,2017-01-01,2017-12-31
1464,10975,8,2017-01-01,2017-12-31
10899,10576,8,2017-01-01,2017-12-31
11917,1464,8,2017-01-01,2017-12-31
5380,13731,8,2017-01-01,2017-12-31
795,758,8,2017-01-01,2017-12-31
650,684,8,2017-01-01,2017-12-31
1464,1484,8,2017-01-01,2017-12-31
2295,2236,8,2017-01-01,2017-12-31
2939,2941,8,2017-01-01,2017-12-31
3971,3994,8,2017-01-01,2017-12-31
2511,2959,8,2017-01-01,2017-12-31
2911,794,8,2017-01-01,2017-12-31
4957,6067,8,2017-01-01,2017-12-31
5423,2926,8,2017-01-01,2017-12-31
8158,1677,8,2017-01-01,2017-12-31
5332,5869,8,2017-01-01,2017-12-31
9664,9684,8,2017-01-01,2017-12-31
9992,9954,8,2017-01-01,2017-12-31
8158,7243,8,2017-01-01,2017-12-31
728,736,8,2017-01-01,2017-12-31
378,758,8,2017-01-01,2017-12-31
1272,2556,8,2017-01-01,2017-12-31
5724,5761,8,2017-01-01,2017-12-31
6063,6017,8,2017-01-01,2017-12-31
4674,2759,8,2017-01-01,2017-12-31
5869,6523,8,2017-01-01,2017-12-31
10334,2857,8,2017-01-01,2017-12-31
733,763,8,2017-01-01,2017-12-31
2911,2905,8,2017-01-01,2017-12-31
5771,5706,8,2017-01-01,2017-12-31
5724,5798,8,2017-01-01,2017-12-31
2780,5912,8,2017-01-01,2017-12-31
5481,6064,8,2017-01-01,2017-12-31
2294,6064,8,2017-01-01,2017-12-31
5116,6111,8,2017-01-01,2017-12-31
7662,7872,8,2017-01-01,2017-12-31
3356,7810,8,2017-01-01,2017-12-31
746,739,8,2017-01-01,2017-12-31
2548,2588,8,2017-01-01,2017-12-31
4353,4373,8,2017-01-01,2017-12-31
2993,950,8,2017-01-01,2017-12-31
3851,4584,8,2017-01-01,2017-12-31
5769,5798,8,2017-01-01,2017-12-31
4554,4945,8,2017-01-01,2017-12-31
9619,9620,8,2017-01-01,2017-12-31
10767,4070,8,2017-01-01,2017-12-31
739,760,8,2017-01-01,2017-12-31
3193,281,8,2017-01-01,2017-12-31
959,2993,8,2017-01-01,2017-12-31
4395,2969,8,2017-01-01,2017-12-31
6827,6896,8,2017-01-01,2017-12-31
7209,1849,8,2017-01-01,2017-12-31
191,5522,8,2017-01-01,2017-12-31
10741,10780,8,2017-01-01,2017-12-31
7162,10819,8,2017-01-01,2017-12-31
10819,7162,8,2017-01-01,2017-12-31
13564,356,8,2017-01-01,2017-12-31
724,759,8,2017-01-01,2017-12-31
759,701,8,2017-01-01,2017-12-31
1608,1365,8,2017-01-01,2017-12-31
3330,1677,8,2017-01-01,2017-12-31
4184,7733,8,2017-01-01,2017-12-31
4249,3503,8,2017-01-01,2017-12-31
6030,3924,8,2017-01-01,2017-12-31
7898,392,8,2017-01-01,2017-12-31
191,7209,8,2017-01-01,2017-12-31
9441,92,8,2017-01-01,2017-12-31
10780,10720,8,2017-01-01,2017-12-31
486,6030,8,2017-01-01,2017-12-31
333,369,8,2017-01-01,2017-12-31
2588,2548,8,2017-01-01,2017-12-31
3937,3963,8,2017-01-01,2017-12-31
1371,5423,8,2017-01-01,2017-12-31
5491,2294,8,2017-01-01,2017-12-31
8190,7618,8,2017-01-01,2017-12-31
8363,7860,8,2017-01-01,2017-12-31
7506,9704,8,2017-01-01,2017-12-31
8679,9522,8,2017-01-01,2017-12-31
8006,9777,8,2017-01-01,2017-12-31
10989,4854,8,2017-01-01,2017-12-31
366,364,8,2017-01-01,2017-12-31
1314,915,8,2017-01-01,2017-12-31
7379,5867,8,2017-01-01,2017-12-31
7605,1208,8,2017-01-01,2017-12-31
7860,8363,8,2017-01-01,2017-12-31
4359,9997,8,2017-01-01,2017-12-31
8961,1677,8,2017-01-01,2017-12-31
10313,7220,8,2017-01-01,2017-12-31
10576,10616,8,2017-01-01,2017-12-31
11450,13731,8,2017-01-01,2017-12-31
733,772,8,2017-01-01,2017-12-31
364,1053,8,2017-01-01,2017-12-31
2288,2260,8,2017-01-01,2017-12-31
610,3123,8,2017-01-01,2017-12-31
3941,3980,8,2017-01-01,2017-12-31
2728,1498,8,2017-01-01,2017-12-31
1371,2717,8,2017-01-01,2017-12-31
3735,7605,8,2017-01-01,2017-12-31
8995,8969,8,2017-01-01,2017-12-31
1849,7209,8,2017-01-01,2017-12-31
6113,7747,8,2017-01-01,2017-12-31
1343,8445,8,2017-01-01,2017-12-31
356,183,8,2017-01-01,2017-12-31
1616,1608,8,2017-01-01,2017-12-31
2988,2972,8,2017-01-01,2017-12-31
6453,6474,8,2017-01-01,2017-12-31
1646,7605,8,2017-01-01,2017-12-31
4249,6707,8,2017-01-01,2017-12-31
10631,10652,8,2017-01-01,2017-12-31
10509,9833,8,2017-01-01,2017-12-31
5459,1164,8,2017-01-01,2017-12-31
855,10576,8,2017-01-01,2017-12-31
975,930,8,2017-01-01,2017-12-31
4009,2941,8,2017-01-01,2017-12-31
5755,5711,8,2017-01-01,2017-12-31
5954,5966,8,2017-01-01,2017-12-31
3356,3153,8,2017-01-01,2017-12-31
2354,4774,8,2017-01-01,2017-12-31
9098,92,8,2017-01-01,2017-12-31
5668,9410,8,2017-01-01,2017-12-31
10179,9906,8,2017-01-01,2017-12-31
7007,3298,8,2017-01-01,2017-12-31
11211,12323,8,2017-01-01,2017-12-31
13564,9540,8,2017-01-01,2017-12-31
4641,4632,8,2017-01-01,2017-12-31
4399,2969,8,2017-01-01,2017-12-31
6012,6070,8,2017-01-01,2017-12-31
625,2906,8,2017-01-01,2017-12-31
1437,1020,8,2017-01-01,2017-12-31
10373,4249,8,2017-01-01,2017-12-31
258,8519,8,2017-01-01,2017-12-31
10778,10702,8,2017-01-01,2017-12-31
3180,275,8,2017-01-01,2017-12-31
2776,1432,8,2017-01-01,2017-12-31
935,1250,8,2017-01-01,2017-12-31
5761,5744,8,2017-01-01,2017-12-31
1917,92,8,2017-01-01,2017-12-31
11280,6208,8,2017-01-01,2017-12-31
1369,1371,8,2017-01-01,2017-12-31
2886,3093,8,2017-01-01,2017-12-31
2498,126,8,2017-01-01,2017-12-31
4395,4053,8,2017-01-01,2017-12-31
5456,2939,8,2017-01-01,2017-12-31
1865,4990,8,2017-01-01,2017-12-31
8068,6447,8,2017-01-01,2017-12-31
6809,4969,8,2017-01-01,2017-12-31
1733,5332,8,2017-01-01,2017-12-31
9330,9353,8,2017-01-01,2017-12-31
2185,9441,8,2017-01-01,2017-12-31
8595,9441,8,2017-01-01,2017-12-31
11853,11808,8,2017-01-01,2017-12-31
392,364,8,2017-01-01,2017-12-31
4013,4052,8,2017-01-01,2017-12-31
2773,4969,8,2017-01-01,2017-12-31
3590,8190,8,2017-01-01,2017-12-31
9369,9395,8,2017-01-01,2017-12-31
10760,10798,8,2017-01-01,2017-12-31
10937,2378,8,2017-01-01,2017-12-31
356,10067,8,2017-01-01,2017-12-31
1482,1484,8,2017-01-01,2017-12-31
4009,4016,8,2017-01-01,2017-12-31
4359,4398,8,2017-01-01,2017-12-31
1464,2941,8,2017-01-01,2017-12-31
4373,5481,8,2017-01-01,2017-12-31
5720,5724,8,2017-01-01,2017-12-31
5720,5771,8,2017-01-01,2017-12-31
2544,4632,8,2017-01-01,2017-12-31
1548,3937,8,2017-01-01,2017-12-31
5869,5332,8,2017-01-01,2017-12-31
3356,9069,8,2017-01-01,2017-12-31
10346,1677,8,2017-01-01,2017-12-31
10719,10778,8,2017-01-01,2017-12-31
6777,3361,8,2017-01-01,2017-12-31
8595,2185,8,2017-01-01,2017-12-31
11871,4070,8,2017-01-01,2017-12-31
771,739,8,2017-01-01,2017-12-31
2556,1272,8,2017-01-01,2017-12-31
3421,3188,8,2017-01-01,2017-12-31
2959,2759,8,2017-01-01,2017-12-31
5966,5954,8,2017-01-01,2017-12-31
5800,5912,8,2017-01-01,2017-12-31
4316,6017,8,2017-01-01,2017-12-31
3278,6813,8,2017-01-01,2017-12-31
10720,10741,8,2017-01-01,2017-12-31
7076,5696,8,2017-01-01,2017-12-31
356,12323,8,2017-01-01,2017-12-31
755,760,8,2017-01-01,2017-12-31
334,362,8,2017-01-01,2017-12-31
739,716,8,2017-01-01,2017-12-31
1976,1971,8,2017-01-01,2017-12-31
3309,3399,8,2017-01-01,2017-12-31
3078,2065,8,2017-01-01,2017-12-31
2969,4395,8,2017-01-01,2017-12-31
5724,5720,8,2017-01-01,2017-12-31
6017,6063,8,2017-01-01,2017-12-31
5481,4969,8,2017-01-01,2017-12-31
7379,8307,8,2017-01-01,2017-12-31
7662,5423,8,2017-01-01,2017-12-31
10368,211,8,2017-01-01,2017-12-31
10325,7243,8,2017-01-01,2017-12-31
3021,8562,8,2017-01-01,2017-12-31
7747,479,8,2017-01-01,2017-12-31
10764,10716,8,2017-01-01,2017-12-31
10778,10764,8,2017-01-01,2017-12-31
9539,5081,8,2017-01-01,2017-12-31
6208,11280,8,2017-01-01,2017-12-31
337,375,8,2017-01-01,2017-12-31
771,733,8,2017-01-01,2017-12-31
375,337,8,2017-01-01,2017-12-31
975,915,8,2017-01-01,2017-12-31
366,739,8,2017-01-01,2017-12-31
2972,2911,8,2017-01-01,2017-12-31
2941,915,8,2017-01-01,2017-12-31
1484,4053,8,2017-01-01,2017-12-31
4200,2277,8,2017-01-01,2017-12-31
5503,5522,8,2017-01-01,2017-12-31
7240,7229,8,2017-01-01,2017-12-31
2906,625,8,2017-01-01,2017-12-31
10702,10716,8,2017-01-01,2017-12-31
10785,10714,8,2017-01-01,2017-12-31
11007,5016,8,2017-01-01,2017-12-31
755,701,8,2017-01-01,2017-12-31
309,1043,8,2017-01-01,2017-12-31
4665,4611,8,2017-01-01,2017-12-31
4744,1320,8,2017-01-01,2017-12-31
6729,5522,8,2017-01-01,2017-12-31
9906,10179,8,2017-01-01,2017-12-31
1562,8579,8,2017-01-01,2017-12-31
4070,10767,8,2017-01-01,2017-12-31
13605,10909,8,2017-01-01,2017-12-31
755,716,8,2017-01-01,2017-12-31
975,901,8,2017-01-01,2017-12-31
2783,2759,8,2017-01-01,2017-12-31
2717,1337,8,2017-01-01,2017-12-31
2941,4339,8,2017-01-01,2017-12-31
6870,6897,8,2017-01-01,2017-12-31
6507,5332,8,2017-01-01,2017-12-31
9904,9985,8,2017-01-01,2017-12-31
9098,2068,8,2017-01-01,2017-12-31
733,746,8,2017-01-01,2017-12-31
3502,2284,8,2017-01-01,2017-12-31
4399,4025,8,2017-01-01,2017-12-31
2783,1482,8,2017-01-01,2017-12-31
5711,5755,8,2017-01-01,2017-12-31
6896,5966,8,2017-01-01,2017-12-31
8190,6813,8,2017-01-01,2017-12-31
5522,191,8,2017-01-01,2017-12-31
8562,3090,8,2017-01-01,2017-12-31
3090,7747,8,2017-01-01,2017-12-31
8363,10661,8,2017-01-01,2017-12-31
993,10512,8,2017-01-01,2017-12-31
2548,8057,8,2017-01-01,2017-12-31
739,772,8,2017-01-01,2017-12-31
752,755,8,2017-01-01,2017-12-31
1828,1853,8,2017-01-01,2017-12-31
5443,4373,8,2017-01-01,2017-12-31
5734,5706,8,2017-01-01,2017-12-31
5966,5953,8,2017-01-01,2017-12-31
6067,6061,8,2017-01-01,2017-12-31
4945,4554,8,2017-01-01,2017-12-31
5989,5787,8,2017-01-01,2017-12-31
1677,7868,8,2017-01-01,2017-12-31
8190,5789,8,2017-01-01,2017-12-31
942,2185,8,2017-01-01,2017-12-31
721,719,8,2017-01-01,2017-12-31
778,774,8,2017-01-01,2017-12-31
2927,2922,8,2017-01-01,2017-12-31
2776,5411,8,2017-01-01,2017-12-31
1646,7685,8,2017-01-01,2017-12-31
1673,6208,8,2017-01-01,2017-12-31
2201,479,8,2017-01-01,2017-12-31
4070,11871,8,2017-01-01,2017-12-31
13221,13564,8,2017-01-01,2017-12-31
768,730,8,2017-01-01,2017-12-31
759,763,8,2017-01-01,2017-12-31
759,724,8,2017-01-01,2017-12-31
759,716,8,2017-01-01,2017-12-31
746,368,8,2017-01-01,2017-12-31
3442,3472,8,2017-01-01,2017-12-31
5482,1208,8,2017-01-01,2017-12-31
6813,6707,8,2017-01-01,2017-12-31
3432,3275,8,2017-01-01,2017-12-31
7505,8158,8,2017-01-01,2017-12-31
8562,9522,8,2017-01-01,2017-12-31
11046,10937,8,2017-01-01,2017-12-31
1850,311,8,2017-01-01,2017-12-31
5634,6733,8,2017-01-01,2017-12-31
289,244,8,2017-01-01,2017-12-31
1265,1291,8,2017-01-01,2017-12-31
4042,1484,8,2017-01-01,2017-12-31
7605,2857,8,2017-01-01,2017-12-31
6813,8158,8,2017-01-01,2017-12-31
752,751,8,2017-01-01,2017-12-31
755,746,8,2017-01-01,2017-12-31
937,917,8,2017-01-01,2017-12-31
2262,2247,8,2017-01-01,2017-12-31
275,3180,8,2017-01-01,2017-12-31
4046,4010,8,2017-01-01,2017-12-31
4083,4364,8,2017-01-01,2017-12-31
4025,1484,8,2017-01-01,2017-12-31
5769,5761,8,2017-01-01,2017-12-31
6100,6447,8,2017-01-01,2017-12-31
8190,7662,8,2017-01-01,2017-12-31
8190,1208,8,2017-01-01,2017-12-31
8363,211,8,2017-01-01,2017-12-31
10719,10714,8,2017-01-01,2017-12-31
10394,6548,8,2017-01-01,2017-12-31
11917,9441,8,2017-01-01,2017-12-31
774,719,8,2017-01-01,2017-12-31
2760,2780,8,2017-01-01,2017-12-31
4607,4969,8,2017-01-01,2017-12-31
2323,2797,8,2017-01-01,2017-12-31
7866,6813,8,2017-01-01,2017-12-31
6707,6813,8,2017-01-01,2017-12-31
3153,3356,8,2017-01-01,2017-12-31
10212,12210,8,2017-01-01,2017-12-31
13657,13668,8,2017-01-01,2017-12-31
13163,10244,8,2017-01-01,2017-12-31
13296,7661,8,2017-01-01,2017-12-31
746,733,8,2017-01-01,2017-12-31
752,740,8,2017-01-01,2017-12-31
1371,1369,8,2017-01-01,2017-12-31
2111,2182,8,2017-01-01,2017-12-31
2284,2223,8,2017-01-01,2017-12-31
2244,2278,8,2017-01-01,2017-12-31
928,2759,8,2017-01-01,2017-12-31
975,4399,8,2017-01-01,2017-12-31
5761,5724,8,2017-01-01,2017-12-31
8461,5668,8,2017-01-01,2017-12-31
9766,7162,8,2017-01-01,2017-12-31
10356,10384,8,2017-01-01,2017-12-31
12323,5101,8,2017-01-01,2017-12-31
11450,13781,8,2017-01-01,2017-12-31
701,733,8,2017-01-01,2017-12-31
1029,1031,8,2017-01-01,2017-12-31
2717,1371,8,2017-01-01,2017-12-31
8368,4827,8,2017-01-01,2017-12-31
2354,6560,8,2017-01-01,2017-12-31
10778,10767,8,2017-01-01,2017-12-31
721,774,8,2017-01-01,2017-12-31
2443,2412,8,2017-01-01,2017-12-31
4017,4052,8,2017-01-01,2017-12-31
2759,1371,8,2017-01-01,2017-12-31
5964,5993,8,2017-01-01,2017-12-31
6039,6017,8,2017-01-01,2017-12-31
8584,8596,8,2017-01-01,2017-12-31
9385,9395,8,2017-01-01,2017-12-31
4034,9066,8,2017-01-01,2017-12-31
9833,10509,8,2017-01-01,2017-12-31
10767,10702,8,2017-01-01,2017-12-31
6777,11296,8,2017-01-01,2017-12-31
11730,11729,8,2017-01-01,2017-12-31
760,759,8,2017-01-01,2017-12-31
368,772,8,2017-01-01,2017-12-31
1608,1616,8,2017-01-01,2017-12-31
3090,3078,8,2017-01-01,2017-12-31
2959,4042,8,2017-01-01,2017-12-31
4092,816,8,2017-01-01,2017-12-31
479,2065,8,2017-01-01,2017-12-31
7724,7509,8,2017-01-01,2017-12-31
6783,9828,8,2017-01-01,2017-12-31
10767,10714,8,2017-01-01,2017-12-31
1966,11276,8,2017-01-01,2017-12-31
10022,4827,8,2017-01-01,2017-12-31
613,10398,8,2017-01-01,2017-12-31
2548,7194,8,2017-01-01,2017-12-31
1043,385,8,2017-01-01,2017-12-31
1240,1263,8,2017-01-01,2017-12-31
2645,2620,8,2017-01-01,2017-12-31
1369,975,8,2017-01-01,2017-12-31
2511,2969,8,2017-01-01,2017-12-31
141,3554,8,2017-01-01,2017-12-31
392,4451,8,2017-01-01,2017-12-31
6061,6067,8,2017-01-01,2017-12-31
3991,1617,8,2017-01-01,2017-12-31
2065,479,8,2017-01-01,2017-12-31
10478,4483,8,2017-01-01,2017-12-31
771,751,8,2017-01-01,2017-12-31
6832,6824,8,2017-01-01,2017-12-31
6857,6067,8,2017-01-01,2017-12-31
1208,3503,8,2017-01-01,2017-12-31
7509,7724,8,2017-01-01,2017-12-31
9700,9699,8,2017-01-01,2017-12-31
211,10368,8,2017-01-01,2017-12-31
8158,7505,8,2017-01-01,2017-12-31
11450,11633,8,2017-01-01,2017-12-31
7661,5111,8,2017-01-01,2017-12-31
4609,4646,8,2017-01-01,2017-12-31
5798,5724,8,2017-01-01,2017-12-31
5742,5740,8,2017-01-01,2017-12-31
4076,1982,8,2017-01-01,2017-12-31
6017,6039,8,2017-01-01,2017-12-31
5482,3590,8,2017-01-01,2017-12-31
10017,10037,8,2017-01-01,2017-12-31
4170,7747,8,2017-01-01,2017-12-31
344,380,8,2017-01-01,2017-12-31
772,733,8,2017-01-01,2017-12-31
1818,1482,8,2017-01-01,2017-12-31
167,2937,8,2017-01-01,2017-12-31
5490,4399,8,2017-01-01,2017-12-31
6089,6043,8,2017-01-01,2017-12-31
7477,7463,8,2017-01-01,2017-12-31
822,4556,8,2017-01-01,2017-12-31
5911,2886,8,2017-01-01,2017-12-31
2588,5101,8,2017-01-01,2017-12-31
119,139,8,2017-01-01,2017-12-31
740,733,8,2017-01-01,2017-12-31
2969,2941,8,2017-01-01,2017-12-31
4052,4059,8,2017-01-01,2017-12-31
5744,5788,8,2017-01-01,2017-12-31
5769,5720,8,2017-01-01,2017-12-31
2773,6069,8,2017-01-01,2017-12-31
7662,5482,8,2017-01-01,2017-12-31
1782,1631,8,2017-01-01,2017-12-31
9410,5668,8,2017-01-01,2017-12-31
10975,2185,8,2017-01-01,2017-12-31
759,733,8,2017-01-01,2017-12-31
739,368,8,2017-01-01,2017-12-31
5769,5724,8,2017-01-01,2017-12-31
4674,2294,8,2017-01-01,2017-12-31
7505,9069,8,2017-01-01,2017-12-31
9610,9679,8,2017-01-01,2017-12-31
9688,3968,8,2017-01-01,2017-12-31
4514,8595,8,2017-01-01,2017-12-31
435,859,8,2017-01-01,2017-12-31
727,733,8,2017-01-01,2017-12-31
752,772,8,2017-01-01,2017-12-31
1677,441,8,2017-01-01,2017-12-31
4364,4011,8,2017-01-01,2017-12-31
2939,2759,8,2017-01-01,2017-12-31
7820,7868,8,2017-01-01,2017-12-31
5789,7872,8,2017-01-01,2017-12-31
1208,7605,8,2017-01-01,2017-12-31
7209,7898,8,2017-01-01,2017-12-31
7721,356,8,2017-01-01,2017-12-31
610,650,8,2017-01-01,2017-12-31
584,525,8,2017-01-01,2017-12-31
930,1314,8,2017-01-01,2017-12-31
2941,1666,8,2017-01-01,2017-12-31
5766,5787,8,2017-01-01,2017-12-31
5798,5769,8,2017-01-01,2017-12-31
4674,4942,8,2017-01-01,2017-12-31
9066,7209,8,2017-01-01,2017-12-31
4820,6729,8,2017-01-01,2017-12-31
9098,7810,8,2017-01-01,2017-12-31
10644,10616,8,2017-01-01,2017-12-31
479,9522,8,2017-01-01,2017-12-31
6535,6323,8,2017-01-01,2017-12-31
8446,5201,8,2017-01-01,2017-12-31
205,275,8,2017-01-01,2017-12-31
750,755,8,2017-01-01,2017-12-31
3414,3413,8,2017-01-01,2017-12-31
4611,4665,8,2017-01-01,2017-12-31
5744,5724,8,2017-01-01,2017-12-31
592,1246,8,2017-01-01,2017-12-31
2532,4584,8,2017-01-01,2017-12-31
10310,8353,8,2017-01-01,2017-12-31
12210,10212,8,2017-01-01,2017-12-31
9101,6733,8,2017-01-01,2017-12-31
739,759,8,2017-01-01,2017-12-31
2221,2263,8,2017-01-01,2017-12-31
2573,2600,8,2017-01-01,2017-12-31
4614,4682,8,2017-01-01,2017-12-31
4339,5426,8,2017-01-01,2017-12-31
4097,4152,8,2017-01-01,2017-12-31
2759,3576,8,2017-01-01,2017-12-31
1246,592,8,2017-01-01,2017-12-31
7560,1715,8,2017-01-01,2017-12-31
11767,7319,8,2017-01-01,2017-12-31
13249,5111,8,2017-01-01,2017-12-31
382,1056,8,2017-01-01,2017-12-31
2137,2111,8,2017-01-01,2017-12-31
4969,3576,8,2017-01-01,2017-12-31
1715,191,8,2017-01-01,2017-12-31
6084,1677,8,2017-01-01,2017-12-31
13296,5111,8,2017-01-01,2017-12-31
2545,2522,8,2017-01-01,2017-12-31
2667,2655,8,2017-01-01,2017-12-31
4016,4017,8,2017-01-01,2017-12-31
1074,2857,8,2017-01-01,2017-12-31
4395,4025,8,2017-01-01,2017-12-31
2734,477,8,2017-01-01,2017-12-31
975,2759,8,2017-01-01,2017-12-31
2759,2969,8,2017-01-01,2017-12-31
4384,7508,8,2017-01-01,2017-12-31
3093,3590,8,2017-01-01,2017-12-31
7662,8190,8,2017-01-01,2017-12-31
6805,5546,8,2017-01-01,2017-12-31
10430,10439,8,2017-01-01,2017-12-31
9828,6783,8,2017-01-01,2017-12-31
392,1637,8,2017-01-01,2017-12-31
10716,10719,8,2017-01-01,2017-12-31
5093,8353,8,2017-01-01,2017-12-31
309,308,8,2017-01-01,2017-12-31
733,740,8,2017-01-01,2017-12-31
1038,793,8,2017-01-01,2017-12-31
4012,4059,8,2017-01-01,2017-12-31
4339,2941,8,2017-01-01,2017-12-31
1858,1607,8,2017-01-01,2017-12-31
5359,5383,8,2017-01-01,2017-12-31
1429,2957,8,2017-01-01,2017-12-31
5789,5737,8,2017-01-01,2017-12-31
6854,6853,8,2017-01-01,2017-12-31
7463,7477,8,2017-01-01,2017-12-31
1631,1782,8,2017-01-01,2017-12-31
5330,9699,8,2017-01-01,2017-12-31
9828,1343,8,2017-01-01,2017-12-31
4713,6317,8,2017-01-01,2017-12-31
772,759,8,2017-01-01,2017-12-31
2111,2137,8,2017-01-01,2017-12-31
2972,2988,8,2017-01-01,2017-12-31
4399,975,8,2017-01-01,2017-12-31
4388,2969,8,2017-01-01,2017-12-31
382,191,8,2017-01-01,2017-12-31
7809,7706,8,2017-01-01,2017-12-31
5789,7866,8,2017-01-01,2017-12-31
7872,6813,8,2017-01-01,2017-12-31
6805,9098,8,2017-01-01,2017-12-31
10037,10016,8,2017-01-01,2017-12-31
10037,10017,8,2017-01-01,2017-12-31
8735,5207,8,2017-01-01,2017-12-31
10806,10900,8,2017-01-01,2017-12-31
9441,1464,8,2017-01-01,2017-12-31
919,10229,8,2017-01-01,2017-12-31
13564,12323,8,2017-01-01,2017-12-31
716,759,8,2017-01-01,2017-12-31
751,752,8,2017-01-01,2017-12-31
759,755,8,2017-01-01,2017-12-31
3472,3442,8,2017-01-01,2017-12-31
4364,4083,8,2017-01-01,2017-12-31
4942,4607,8,2017-01-01,2017-12-31
3418,7605,8,2017-01-01,2017-12-31
10720,10780,8,2017-01-01,2017-12-31
11537,11514,8,2017-01-01,2017-12-31
7727,4335,8,2017-01-01,2017-12-31
771,752,8,2017-01-01,2017-12-31
768,772,8,2017-01-01,2017-12-31
1046,391,8,2017-01-01,2017-12-31
2500,2425,8,2017-01-01,2017-12-31
2901,2910,8,2017-01-01,2017-12-31
2941,2969,8,2017-01-01,2017-12-31
4069,4346,8,2017-01-01,2017-12-31
3544,4969,8,2017-01-01,2017-12-31
5711,2790,8,2017-01-01,2017-12-31
7741,7778,8,2017-01-01,2017-12-31
7747,2201,8,2017-01-01,2017-12-31
6777,75,8,2017-01-01,2017-12-31
75,6777,8,2017-01-01,2017-12-31
368,1053,8,2017-01-01,2017-12-31
2345,2354,8,2017-01-01,2017-12-31
2667,2699,8,2017-01-01,2017-12-31
4080,4016,8,2017-01-01,2017-12-31
4080,4059,8,2017-01-01,2017-12-31
4373,4309,8,2017-01-01,2017-12-31
7868,7866,8,2017-01-01,2017-12-31
8965,8995,8,2017-01-01,2017-12-31
7872,7662,8,2017-01-01,2017-12-31
9069,3153,8,2017-01-01,2017-12-31
479,2201,8,2017-01-01,2017-12-31
8353,5093,8,2017-01-01,2017-12-31
4737,9421,8,2017-01-01,2017-12-31
13249,7661,8,2017-01-01,2017-12-31
763,759,8,2017-01-01,2017-12-31
739,746,8,2017-01-01,2017-12-31
72,6,8,2017-01-01,2017-12-31
1056,1053,8,2017-01-01,2017-12-31
4400,4319,8,2017-01-01,2017-12-31
2717,2939,8,2017-01-01,2017-12-31
2645,1012,8,2017-01-01,2017-12-31
2857,4249,8,2017-01-01,2017-12-31
10016,10017,8,2017-01-01,2017-12-31
2231,4820,8,2017-01-01,2017-12-31
1464,11917,8,2017-01-01,2017-12-31
10757,517,8,2017-01-01,2017-12-31
11192,4391,8,2017-01-01,2017-12-31
8590,7643,8,2017-01-01,2017-12-31
759,752,8,2017-01-01,2017-12-31
6584,5612,8,2017-01-01,2017-12-31
9620,9619,8,2017-01-01,2017-12-31
10373,10394,8,2017-01-01,2017-12-31
4017,4059,8,2017-01-01,2017-12-31
4209,5959,8,2017-01-01,2017-12-31
3590,5423,8,2017-01-01,2017-12-31
3503,1677,8,2017-01-01,2017-12-31
211,281,8,2017-01-01,2017-12-31
760,739,8,2017-01-01,2017-12-31
1023,1056,8,2017-01-01,2017-12-31
1263,1240,8,2017-01-01,2017-12-31
2789,2783,8,2017-01-01,2017-12-31
3609,3615,8,2017-01-01,2017-12-31
625,1646,8,2017-01-01,2017-12-31
3172,3405,8,2017-01-01,2017-12-31
4044,1696,8,2017-01-01,2017-12-31
5993,5964,8,2017-01-01,2017-12-31
7780,7727,8,2017-01-01,2017-12-31
8353,8289,8,2017-01-01,2017-12-31
4827,10022,8,2017-01-01,2017-12-31
5201,9101,8,2017-01-01,2017-12-31
2620,2645,8,2017-01-01,2017-12-31
4364,4066,8,2017-01-01,2017-12-31
6064,6001,8,2017-01-01,2017-12-31
2886,2939,8,2017-01-01,2017-12-31
6904,2575,8,2017-01-01,2017-12-31
7872,1208,8,2017-01-01,2017-12-31
2336,4202,8,2017-01-01,2017-12-31
10377,10325,8,2017-01-01,2017-12-31
9752,1343,8,2017-01-01,2017-12-31
10762,7209,8,2017-01-01,2017-12-31
1475,7747,8,2017-01-01,2017-12-31
763,733,8,2017-01-01,2017-12-31
4012,4042,8,2017-01-01,2017-12-31
443,1692,8,2017-01-01,2017-12-31
1822,4451,8,2017-01-01,2017-12-31
6548,10394,8,2017-01-01,2017-12-31
13221,7721,8,2017-01-01,2017-12-31
752,716,8,2017-01-01,2017-12-31
1403,1451,8,2017-01-01,2017-12-31
2137,2131,8,2017-01-01,2017-12-31
4339,4044,8,2017-01-01,2017-12-31
4399,4053,8,2017-01-01,2017-12-31
5383,5359,8,2017-01-01,2017-12-31
8589,8598,8,2017-01-01,2017-12-31
1715,7560,8,2017-01-01,2017-12-31
1677,5423,8,2017-01-01,2017-12-31
10714,10702,8,2017-01-01,2017-12-31
11176,11137,8,2017-01-01,2017-12-31
8579,7801,8,2017-01-01,2017-12-31
746,752,8,2017-01-01,2017-12-31
739,740,8,2017-01-01,2017-12-31
905,910,8,2017-01-01,2017-12-31
2169,2185,8,2017-01-01,2017-12-31
2573,2531,8,2017-01-01,2017-12-31
4316,4025,8,2017-01-01,2017-12-31
2959,2717,8,2017-01-01,2017-12-31
5423,5490,8,2017-01-01,2017-12-31
5744,5734,8,2017-01-01,2017-12-31
1849,2336,8,2017-01-01,2017-12-31
4468,2776,8,2017-01-01,2017-12-31
942,8010,8,2017-01-01,2017-12-31
7505,3153,8,2017-01-01,2017-12-31
1822,382,8,2017-01-01,2017-12-31
10798,10760,8,2017-01-01,2017-12-31
1562,1678,8,2017-01-01,2017-12-31
1678,1562,8,2017-01-01,2017-12-31
755,724,8,2017-01-01,2017-12-31
5431,5404,8,2017-01-01,2017-12-31
2926,3418,8,2017-01-01,2017-12-31
11276,1966,8,2017-01-01,2017-12-31
9522,1475,8,2017-01-01,2017-12-31
4013,4080,8,2017-01-01,2017-12-31
4353,4309,8,2017-01-01,2017-12-31
1371,4053,8,2017-01-01,2017-12-31
4012,2941,8,2017-01-01,2017-12-31
2932,1330,8,2017-01-01,2017-12-31
5724,5706,8,2017-01-01,2017-12-31
756,7508,8,2017-01-01,2017-12-31
10089,10095,8,2017-01-01,2017-12-31
6084,953,8,2017-01-01,2017-12-31
5748,6208,8,2017-01-01,2017-12-31
763,755,8,2017-01-01,2017-12-31
771,724,8,2017-01-01,2017-12-31
4066,4339,8,2017-01-01,2017-12-31
165,3615,8,2017-01-01,2017-12-31
2941,4012,8,2017-01-01,2017-12-31
4053,1484,8,2017-01-01,2017-12-31
1607,1858,8,2017-01-01,2017-12-31
1005,2719,8,2017-01-01,2017-12-31
4990,2773,8,2017-01-01,2017-12-31
7318,8297,8,2017-01-01,2017-12-31
2926,3278,8,2017-01-01,2017-12-31
7872,5789,8,2017-01-01,2017-12-31
3153,7505,8,2017-01-01,2017-12-31
7209,191,8,2017-01-01,2017-12-31
3286,3356,8,2017-01-01,2017-12-31
6113,8562,8,2017-01-01,2017-12-31
4917,11225,8,2017-01-01,2017-12-31
2941,2789,8,2017-01-01,2017-12-31
1865,4969,8,2017-01-01,2017-12-31
6064,2294,8,2017-01-01,2017-12-31
5668,8158,8,2017-01-01,2017-12-31
479,3021,8,2017-01-01,2017-12-31
5748,11280,8,2017-01-01,2017-12-31
752,701,8,2017-01-01,2017-12-31
1002,1073,8,2017-01-01,2017-12-31
2600,2573,8,2017-01-01,2017-12-31
1646,625,8,2017-01-01,2017-12-31
4674,4990,8,2017-01-01,2017-12-31
5934,5927,8,2017-01-01,2017-12-31
1677,95,8,2017-01-01,2017-12-31
4632,3367,8,2017-01-01,2017-12-31
5668,8461,8,2017-01-01,2017-12-31
7662,1635,8,2017-01-01,2017-12-31
1677,3503,8,2017-01-01,2017-12-31
2973,7860,8,2017-01-01,2017-12-31
3029,4650,8,2017-01-01,2017-12-31
10313,2926,8,2017-01-01,2017-12-31
8596,4170,8,2017-01-01,2017-12-31
932,11808,8,2017-01-01,2017-12-31
8025,139,8,2017-01-01,2017-12-31
13731,5380,8,2017-01-01,2017-12-31
1146,1160,8,2017-01-01,2017-12-31
7866,1208,8,2017-01-01,2017-12-31
8158,3590,8,2017-01-01,2017-12-31
3147,1146,8,2017-01-01,2017-12-31
281,5737,8,2017-01-01,2017-12-31
6560,2354,8,2017-01-01,2017-12-31
2960,10389,8,2017-01-01,2017-12-31
4852,429,8,2017-01-01,2017-12-31
12530,12567,8,2017-01-01,2017-12-31
759,740,8,2017-01-01,2017-12-31
4059,4052,8,2017-01-01,2017-12-31
4316,4339,8,2017-01-01,2017-12-31
4399,5456,8,2017-01-01,2017-12-31
6752,5592,8,2017-01-01,2017-12-31
9353,9330,8,2017-01-01,2017-12-31
10352,10334,8,2017-01-01,2017-12-31
1246,9828,8,2017-01-01,2017-12-31
11610,10596,8,2017-01-01,2017-12-31
4816,4917,8,2017-01-01,2017-12-31
724,755,8,2017-01-01,2017-12-31
2412,2443,8,2017-01-01,2017-12-31
2759,2783,8,2017-01-01,2017-12-31
4052,4017,8,2017-01-01,2017-12-31
4025,4388,8,2017-01-01,2017-12-31
4316,4053,8,2017-01-01,2017-12-31
2717,928,8,2017-01-01,2017-12-31
1696,4044,8,2017-01-01,2017-12-31
4969,6017,8,2017-01-01,2017-12-31
10017,10016,8,2017-01-01,2017-12-31
7505,10325,8,2017-01-01,2017-12-31
4170,6113,8,2017-01-01,2017-12-31
479,4170,8,2017-01-01,2017-12-31
1240,5021,8,2017-01-01,2017-12-31
761,764,8,2017-01-01,2017-12-31
894,805,8,2017-01-01,2017-12-31
1482,1464,8,2017-01-01,2017-12-31
2905,2911,8,2017-01-01,2017-12-31
1444,4346,8,2017-01-01,2017-12-31
1884,4969,8,2017-01-01,2017-12-31
7039,8158,8,2017-01-01,2017-12-31
3275,3432,8,2017-01-01,2017-12-31
6813,6447,8,2017-01-01,2017-12-31
9522,8584,8,2017-01-01,2017-12-31
9522,8596,8,2017-01-01,2017-12-31
4016,5046,8,2017-01-01,2017-12-31
760,755,8,2017-01-01,2017-12-31
752,763,8,2017-01-01,2017-12-31
484,497,8,2017-01-01,2017-12-31
2175,2197,8,2017-01-01,2017-12-31
2674,2699,8,2017-01-01,2017-12-31
2867,1696,8,2017-01-01,2017-12-31
4042,407,8,2017-01-01,2017-12-31
1982,4076,8,2017-01-01,2017-12-31
2294,5481,8,2017-01-01,2017-12-31
5546,4441,8,2017-01-01,2017-12-31
7098,2174,8,2017-01-01,2017-12-31
8158,6813,8,2017-01-01,2017-12-31
4249,2857,8,2017-01-01,2017-12-31
6729,191,8,2017-01-01,2017-12-31
4514,2185,8,2017-01-01,2017-12-31
2185,10975,8,2017-01-01,2017-12-31
2588,11211,8,2017-01-01,2017-12-31
324,328,8,2017-01-01,2017-12-31
391,1046,8,2017-01-01,2017-12-31
2717,2789,8,2017-01-01,2017-12-31
4552,5668,8,2017-01-01,2017-12-31
2926,4249,8,2017-01-01,2017-12-31
3418,2857,8,2017-01-01,2017-12-31
9069,3802,8,2017-01-01,2017-12-31
248,293,8,2017-01-01,2017-12-31
759,760,8,2017-01-01,2017-12-31
749,758,8,2017-01-01,2017-12-31
2223,2284,8,2017-01-01,2017-12-31
2489,2411,8,2017-01-01,2017-12-31
3635,2458,8,2017-01-01,2017-12-31
2959,2867,8,2017-01-01,2017-12-31
4816,4827,8,2017-01-01,2017-12-31
2905,1766,8,2017-01-01,2017-12-31
7713,7822,8,2017-01-01,2017-12-31
9619,4449,8,2017-01-01,2017-12-31
479,7747,8,2017-01-01,2017-12-31
10576,855,8,2017-01-01,2017-12-31
2273,2279,8,2017-01-01,2017-12-31
4248,4217,8,2017-01-01,2017-12-31
5490,5423,8,2017-01-01,2017-12-31
662,920,8,2017-01-01,2017-12-31
2488,2269,8,2017-01-01,2017-12-31
1320,4744,8,2017-01-01,2017-12-31
1677,8158,8,2017-01-01,2017-12-31
1146,3147,8,2017-01-01,2017-12-31
6523,5869,8,2017-01-01,2017-12-31
10022,10089,8,2017-01-01,2017-12-31
11101,11143,8,2017-01-01,2017-12-31
4917,4827,8,2017-01-01,2017-12-31
10909,13605,8,2017-01-01,2017-12-31
2674,2667,8,2017-01-01,2017-12-31
1464,4044,8,2017-01-01,2017-12-31
7866,7868,8,2017-01-01,2017-12-31
5411,2857,8,2017-01-01,2017-12-31
4541,9540,8,2017-01-01,2017-12-31
10022,11225,8,2017-01-01,2017-12-31
4854,10989,8,2017-01-01,2017-12-31
724,733,8,2017-01-01,2017-12-31
2425,2500,8,2017-01-01,2017-12-31
4632,4641,8,2017-01-01,2017-12-31
1337,4053,8,2017-01-01,2017-12-31
5788,5744,8,2017-01-01,2017-12-31
5706,5771,8,2017-01-01,2017-12-31
9699,5330,8,2017-01-01,2017-12-31
5459,9063,8,2017-01-01,2017-12-31
9522,479,8,2017-01-01,2017-12-31
1053,1056,8,2017-01-01,2017-12-31
774,1043,8,2017-01-01,2017-12-31
4432,4487,8,2017-01-01,2017-12-31
2789,407,8,2017-01-01,2017-12-31
1337,2759,8,2017-01-01,2017-12-31
477,950,8,2017-01-01,2017-12-31
6064,5491,8,2017-01-01,2017-12-31
8983,8979,8,2017-01-01,2017-12-31
4820,191,8,2017-01-01,2017-12-31
4451,10764,8,2017-01-01,2017-12-31
10937,11074,8,2017-01-01,2017-12-31
14018,14060,8,2017-01-01,2017-12-31
751,771,8,2017-01-01,2017-12-31
1056,1095,8,2017-01-01,2017-12-31
368,1095,8,2017-01-01,2017-12-31
1464,1482,8,2017-01-01,2017-12-31
5788,5724,8,2017-01-01,2017-12-31
5798,5788,8,2017-01-01,2017-12-31
5467,3920,8,2017-01-01,2017-12-31
8979,8983,8,2017-01-01,2017-12-31
2926,1677,8,2017-01-01,2017-12-31
9988,9954,8,2017-01-01,2017-12-31
8584,3090,8,2017-01-01,2017-12-31
8562,8679,8,2017-01-01,2017-12-31
11808,11853,8,2017-01-01,2017-12-31
7747,1475,8,2017-01-01,2017-12-31
9994,7661,8,2017-01-01,2017-12-31
2131,2111,8,2017-01-01,2017-12-31
4059,4012,8,2017-01-01,2017-12-31
4053,4399,8,2017-01-01,2017-12-31
2759,1337,8,2017-01-01,2017-12-31
5522,5503,8,2017-01-01,2017-12-31
5491,4373,8,2017-01-01,2017-12-31
6017,5491,8,2017-01-01,2017-12-31
5959,4209,8,2017-01-01,2017-12-31
8158,2926,8,2017-01-01,2017-12-31
4275,7520,8,2017-01-01,2017-12-31
930,928,8,2017-01-01,2017-12-31
1095,1056,8,2017-01-01,2017-12-31
4395,4009,8,2017-01-01,2017-12-31
5761,5798,8,2017-01-01,2017-12-31
4990,4674,8,2017-01-01,2017-12-31
6004,6027,8,2017-01-01,2017-12-31
2717,6001,8,2017-01-01,2017-12-31
4373,4674,8,2017-01-01,2017-12-31
3735,1646,8,2017-01-01,2017-12-31
10762,10767,8,2017-01-01,2017-12-31
9063,3677,8,2017-01-01,2017-12-31
733,759,8,2017-01-01,2017-12-31
366,368,8,2017-01-01,2017-12-31
4319,4400,8,2017-01-01,2017-12-31
2939,1484,8,2017-01-01,2017-12-31
2645,5978,8,2017-01-01,2017-12-31
6294,5590,8,2017-01-01,2017-12-31
1646,3735,8,2017-01-01,2017-12-31
9321,9369,8,2017-01-01,2017-12-31
9127,11280,8,2017-01-01,2017-12-31
859,894,8,2017-01-01,2017-12-31
1106,1173,8,2017-01-01,2017-12-31
1031,354,8,2017-01-01,2017-12-31
226,670,8,2017-01-01,2017-12-31
4309,4373,8,2017-01-01,2017-12-31
2212,3589,8,2017-01-01,2017-12-31
5761,5769,8,2017-01-01,2017-12-31
5946,5978,8,2017-01-01,2017-12-31
2926,5423,8,2017-01-01,2017-12-31
3418,6707,8,2017-01-01,2017-12-31
13564,10067,8,2017-01-01,2017-12-31
205,274,8,2017-01-01,2017-12-31
755,733,8,2017-01-01,2017-12-31
1635,1646,8,2017-01-01,2017-12-31
4066,4364,8,2017-01-01,2017-12-31
4942,4674,8,2017-01-01,2017-12-31
6773,5590,8,2017-01-01,2017-12-31
6857,1769,8,2017-01-01,2017-12-31
6208,4827,8,2017-01-01,2017-12-31
4827,6208,8,2017-01-01,2017-12-31
12323,11211,8,2017-01-01,2017-12-31
746,771,8,2017-01-01,2017-12-31
751,759,8,2017-01-01,2017-12-31
2959,2941,8,2017-01-01,2017-12-31
3399,3309,8,2017-01-01,2017-12-31
3615,3637,8,2017-01-01,2017-12-31
4044,4364,8,2017-01-01,2017-12-31
4042,2959,8,2017-01-01,2017-12-31
2937,167,8,2017-01-01,2017-12-31
5484,5468,8,2017-01-01,2017-12-31
7243,10325,8,2017-01-01,2017-12-31
11296,6777,8,2017-01-01,2017-12-31
8579,1562,8,2017-01-01,2017-12-31
356,7721,8,2017-01-01,2017-12-31
299,293,8,2017-01-01,2017-12-31
255,205,8,2017-01-01,2017-12-31
771,716,8,2017-01-01,2017-12-31
724,752,8,2017-01-01,2017-12-31
2992,905,8,2017-01-01,2017-12-31
1330,2932,8,2017-01-01,2017-12-31
5977,5954,8,2017-01-01,2017-12-31
9118,9127,8,2017-01-01,2017-12-31
7505,7810,8,2017-01-01,2017-12-31
6707,10349,8,2017-01-01,2017-12-31
7099,5212,8,2017-01-01,2017-12-31
2867,2959,8,2017-01-01,2017-12-31
3677,1246,8,2017-01-01,2017-12-31
6870,6855,8,2017-01-01,2017-12-31
4674,4373,8,2017-01-01,2017-12-31
9988,9906,8,2017-01-01,2017-12-31
10089,10022,8,2017-01-01,2017-12-31
10430,10407,8,2017-01-01,2017-12-31
7243,8158,8,2017-01-01,2017-12-31
3286,6805,8,2017-01-01,2017-12-31
10767,10785,8,2017-01-01,2017-12-31
4253,4226,8,2017-01-01,2017-12-31
4080,4364,8,2017-01-01,2017-12-31
3867,4546,8,2017-01-01,2017-12-31
407,975,8,2017-01-01,2017-12-31
4827,4816,8,2017-01-01,2017-12-31
2482,3286,8,2017-01-01,2017-12-31
2773,4990,8,2017-01-01,2017-12-31
6892,6857,8,2017-01-01,2017-12-31
5869,6507,8,2017-01-01,2017-12-31
7662,6750,8,2017-01-01,2017-12-31
2441,10145,8,2017-01-01,2017-12-31
9752,6783,8,2017-01-01,2017-12-31
5046,4016,8,2017-01-01,2017-12-31
13564,7721,8,2017-01-01,2017-12-31
793,1038,8,2017-01-01,2017-12-31
4614,4700,8,2017-01-01,2017-12-31
5412,5435,8,2017-01-01,2017-12-31
5426,4339,8,2017-01-01,2017-12-31
1635,7662,8,2017-01-01,2017-12-31
8146,5564,8,2017-01-01,2017-12-31
10016,10037,8,2017-01-01,2017-12-31
2231,191,8,2017-01-01,2017-12-31
10439,10430,8,2017-01-01,2017-12-31
10714,10785,8,2017-01-01,2017-12-31
75,11276,8,2017-01-01,2017-12-31
167,10899,8,2017-01-01,2017-12-31
11687,11649,8,2017-01-01,2017-12-31
205,255,8,2017-01-01,2017-12-31
888,833,8,2017-01-01,2017-12-31
739,366,8,2017-01-01,2017-12-31
8068,8093,8,2017-01-01,2017-12-31
8307,7379,8,2017-01-01,2017-12-31
2174,7098,8,2017-01-01,2017-12-31
8149,8010,8,2017-01-01,2017-12-31
10083,10037,8,2017-01-01,2017-12-31
4820,2231,8,2017-01-01,2017-12-31
435,1074,8,2017-01-01,2017-12-31
3698,3679,8,2017-01-01,2017-12-31
4012,4016,8,2017-01-01,2017-12-31
4646,4609,8,2017-01-01,2017-12-31
5912,5800,8,2017-01-01,2017-12-31
8596,8584,8,2017-01-01,2017-12-31
2797,2323,8,2017-01-01,2017-12-31
1747,3963,8,2017-01-01,2017-12-31
4249,7605,8,2017-01-01,2017-12-31
9586,2719,8,2017-01-01,2017-12-31
9441,2185,8,2017-01-01,2017-12-31
8810,6591,8,2017-01-01,2017-12-31
10308,798,8,2017-01-01,2017-12-31
13564,13221,8,2017-01-01,2017-12-31
746,364,8,2017-01-01,2017-12-31
1963,1994,8,2017-01-01,2017-12-31
3421,1053,8,2017-01-01,2017-12-31
3509,2279,8,2017-01-01,2017-12-31
5788,5720,8,2017-01-01,2017-12-31
5491,6017,8,2017-01-01,2017-12-31
8037,6447,8,2017-01-01,2017-12-31
3503,1208,8,2017-01-01,2017-12-31
7662,1677,8,2017-01-01,2017-12-31
7605,1635,8,2017-01-01,2017-12-31
8679,7747,8,2017-01-01,2017-12-31
11729,11730,8,2017-01-01,2017-12-31
5111,7661,8,2017-01-01,2017-12-31
721,731,8,2017-01-01,2017-12-31
3920,3963,8,2017-01-01,2017-12-31
1063,3967,8,2017-01-01,2017-12-31
241,2117,8,2017-01-01,2017-12-31
4546,3867,8,2017-01-01,2017-12-31
2789,2941,8,2017-01-01,2017-12-31
4373,5491,8,2017-01-01,2017-12-31
5978,5946,8,2017-01-01,2017-12-31
6853,6854,8,2017-01-01,2017-12-31
5590,6294,8,2017-01-01,2017-12-31
10785,10764,8,2017-01-01,2017-12-31
11275,5459,8,2017-01-01,2017-12-31
11225,9493,8,2017-01-01,2017-12-31
10802,8212,8,2017-01-01,2017-12-31
758,749,8,2017-01-01,2017-12-31
497,484,8,2017-01-01,2017-12-31
1666,2511,8,2017-01-01,2017-12-31
4388,4309,8,2017-01-01,2017-12-31
126,2498,8,2017-01-01,2017-12-31
4656,4646,8,2017-01-01,2017-12-31
1482,1818,8,2017-01-01,2017-12-31
5724,5744,8,2017-01-01,2017-12-31
5922,5946,8,2017-01-01,2017-12-31
6707,3418,8,2017-01-01,2017-12-31
7747,8679,8,2017-01-01,2017-12-31
139,119,8,2017-01-01,2017-12-31
364,366,8,2017-01-01,2017-12-31
755,763,8,2017-01-01,2017-12-31
709,791,8,2017-01-01,2017-12-31
1043,774,8,2017-01-01,2017-12-31
4217,4248,8,2017-01-01,2017-12-31
1666,2941,8,2017-01-01,2017-12-31
6067,6857,8,2017-01-01,2017-12-31
7810,3279,8,2017-01-01,2017-12-31
10389,2960,8,2017-01-01,2017-12-31
429,4852,8,2017-01-01,2017-12-31
10325,8158,8,2017-01-01,2017-12-31
3963,3937,8,2017-01-01,2017-12-31
2857,1432,8,2017-01-01,2017-12-31
2760,1616,8,2017-01-01,2017-12-31
2939,2886,8,2017-01-01,2017-12-31
701,752,8,2017-01-01,2017-12-31
2699,2667,8,2017-01-01,2017-12-31
2544,1643,8,2017-01-01,2017-12-31
6069,6071,8,2017-01-01,2017-12-31
1701,3012,8,2017-01-01,2017-12-31
1012,3102,8,2017-01-01,2017-12-31
2857,5411,8,2017-01-01,2017-12-31
8363,2482,8,2017-01-01,2017-12-31
9985,9904,8,2017-01-01,2017-12-31
8194,8424,8,2017-01-01,2017-12-31
10719,10785,8,2017-01-01,2017-12-31
10576,10899,8,2017-01-01,2017-12-31
1971,1976,8,2017-01-01,2017-12-31
2906,2939,8,2017-01-01,2017-12-31
4373,4353,8,2017-01-01,2017-12-31
4395,5456,8,2017-01-01,2017-12-31
4152,4097,8,2017-01-01,2017-12-31
6067,4957,8,2017-01-01,2017-12-31
4774,6166,8,2017-01-01,2017-12-31
8562,2201,8,2017-01-01,2017-12-31
2911,2972,8,2017-01-01,2017-12-31
4042,4052,8,2017-01-01,2017-12-31
4059,4042,8,2017-01-01,2017-12-31
7291,7253,8,2017-01-01,2017-12-31
4674,6854,8,2017-01-01,2017-12-31
2185,942,8,2017-01-01,2017-12-31
1677,10346,8,2017-01-01,2017-12-31
2201,7747,8,2017-01-01,2017-12-31
1158,1052,8,2017-01-01,2017-12-31
701,739,8,2017-01-01,2017-12-31
758,378,8,2017-01-01,2017-12-31
2941,2939,8,2017-01-01,2017-12-31
4933,1498,8,2017-01-01,2017-12-31
5668,5819,8,2017-01-01,2017-12-31
7229,7240,8,2017-01-01,2017-12-31
8289,8353,8,2017-01-01,2017-12-31
1715,6729,8,2017-01-01,2017-12-31
8353,10310,8,2017-01-01,2017-12-31
2717,5922,8,2017-01-01,2017-12-31
3405,3490,8,2017-01-01,2017-12-31
5912,5997,8,2017-01-01,2017-12-31
5668,1613,8,2017-01-01,2017-12-31
4034,7898,8,2017-01-01,2017-12-31
9441,8595,8,2017-01-01,2017-12-31
11633,11450,8,2017-01-01,2017-12-31
3309,3332,8,2017-01-01,2017-12-31
2857,1074,8,2017-01-01,2017-12-31
4309,4353,8,2017-01-01,2017-12-31
4053,1337,8,2017-01-01,2017-12-31
7872,7868,8,2017-01-01,2017-12-31
7662,3278,8,2017-01-01,2017-12-31
5423,7662,8,2017-01-01,2017-12-31
3924,6030,8,2017-01-01,2017-12-31
8590,8045,8,2017-01-01,2017-12-31
385,313,8,2017-01-01,2017-12-31
1095,1045,8,2017-01-01,2017-12-31
1484,1482,8,2017-01-01,2017-12-31
1696,2867,8,2017-01-01,2017-12-31
1484,4025,8,2017-01-01,2017-12-31
5590,5596,8,2017-01-01,2017-12-31
6039,6063,8,2017-01-01,2017-12-31
6052,6447,8,2017-01-01,2017-12-31
3590,8158,8,2017-01-01,2017-12-31
7747,3090,8,2017-01-01,2017-12-31
10541,10616,8,2017-01-01,2017-12-31
1164,5459,8,2017-01-01,2017-12-31
10767,5096,8,2017-01-01,2017-12-31
10244,13163,8,2017-01-01,2017-12-31
752,746,8,2017-01-01,2017-12-31
1056,1023,8,2017-01-01,2017-12-31
2789,2759,8,2017-01-01,2017-12-31
3078,3090,8,2017-01-01,2017-12-31
4042,4059,8,2017-01-01,2017-12-31
2959,4395,8,2017-01-01,2017-12-31
5435,5412,8,2017-01-01,2017-12-31
6857,6892,8,2017-01-01,2017-12-31
5096,1982,8,2017-01-01,2017-12-31
8403,8411,8,2017-01-01,2017-12-31
9493,11225,8,2017-01-01,2017-12-31
1371,1314,8,2017-01-01,2017-12-31
4364,4044,8,2017-01-01,2017-12-31
5414,4009,8,2017-01-01,2017-12-31
5592,6752,8,2017-01-01,2017-12-31
4584,2532,8,2017-01-01,2017-12-31
3802,1917,8,2017-01-01,2017-12-31
9026,9097,8,2017-01-01,2017-12-31
2975,1624,8,2017-01-01,2017-12-31
9385,9369,8,2017-01-01,2017-12-31
191,2231,8,2017-01-01,2017-12-31
2857,10334,8,2017-01-01,2017-12-31
7505,7243,8,2017-01-01,2017-12-31
10798,10762,8,2017-01-01,2017-12-31
9600,9862,8,2017-01-01,2017-12-31
1007,334,8,2017-01-01,2017-12-31
2783,2717,8,2017-01-01,2017-12-31
5819,5668,8,2017-01-01,2017-12-31
7706,7809,8,2017-01-01,2017-12-31
3153,7810,8,2017-01-01,2017-12-31
5522,6729,8,2017-01-01,2017-12-31
6084,8363,8,2017-01-01,2017-12-31
10714,10719,8,2017-01-01,2017-12-31
771,740,8,2017-01-01,2017-12-31
739,724,8,2017-01-01,2017-12-31
3180,274,8,2017-01-01,2017-12-31
4016,4009,8,2017-01-01,2017-12-31
4309,4388,8,2017-01-01,2017-12-31
4044,4339,8,2017-01-01,2017-12-31
975,4053,8,2017-01-01,2017-12-31
6111,5116,8,2017-01-01,2017-12-31
7820,3503,8,2017-01-01,2017-12-31
8010,8149,8,2017-01-01,2017-12-31
7209,9066,8,2017-01-01,2017-12-31
8556,9101,8,2017-01-01,2017-12-31
356,9540,8,2017-01-01,2017-12-31
763,771,8,2017-01-01,2017-12-31
385,308,8,2017-01-01,2017-12-31
1646,1635,8,2017-01-01,2017-12-31
2789,2717,8,2017-01-01,2017-12-31
4010,4046,8,2017-01-01,2017-12-31
4226,4253,8,2017-01-01,2017-12-31
2284,3502,8,2017-01-01,2017-12-31
1482,930,8,2017-01-01,2017-12-31
3286,2482,8,2017-01-01,2017-12-31
2035,1452,8,2017-01-01,2017-12-31
6447,8037,8,2017-01-01,2017-12-31
9127,9118,8,2017-01-01,2017-12-31
2857,5668,8,2017-01-01,2017-12-31
1849,7898,8,2017-01-01,2017-12-31
9363,10046,8,2017-01-01,2017-12-31
10778,10719,8,2017-01-01,2017-12-31
5111,13296,8,2017-01-01,2017-12-31
733,760,8,2017-01-01,2017-12-31
928,930,8,2017-01-01,2017-12-31
1503,1598,8,2017-01-01,2017-12-31
1984,1971,8,2017-01-01,2017-12-31
2939,2511,8,2017-01-01,2017-12-31
2959,4399,8,2017-01-01,2017-12-31
6043,6089,8,2017-01-01,2017-12-31
7868,7872,8,2017-01-01,2017-12-31
3153,9069,8,2017-01-01,2017-12-31
4650,3029,8,2017-01-01,2017-12-31
10398,613,8,2017-01-01,2017-12-31
3513,2258,8,2017-01-01,2017-12-31
1696,4011,8,2017-01-01,2017-12-31
6063,6039,8,2017-01-01,2017-12-31
10373,10352,8,2017-01-01,2017-12-31
10899,10541,8,2017-01-01,2017-12-31
759,772,8,2017-01-01,2017-12-31
1696,2941,8,2017-01-01,2017-12-31
6017,4969,8,2017-01-01,2017-12-31
1617,3991,8,2017-01-01,2017-12-31
3102,1012,8,2017-01-01,2017-12-31
4441,5544,8,2017-01-01,2017-12-31
8048,4552,8,2017-01-01,2017-12-31
4202,2336,8,2017-01-01,2017-12-31
2550,3173,8,2017-01-01,2017-12-31
1097,1254,8,2017-01-01,2017-12-31
6064,4969,8,2017-01-01,2017-12-31
1635,3590,8,2017-01-01,2017-12-31
2960,7799,8,2017-01-01,2017-12-31
9540,4541,8,2017-01-01,2017-12-31
4034,9700,8,2017-01-01,2017-12-31
3968,9688,8,2017-01-01,2017-12-31
10764,10778,8,2017-01-01,2017-12-31
833,888,8,2017-01-01,2017-12-31
2190,2134,8,2017-01-01,2017-12-31
4339,4066,8,2017-01-01,2017-12-31
5798,5761,8,2017-01-01,2017-12-31
1651,4285,8,2017-01-01,2017-12-31
7820,3590,8,2017-01-01,2017-12-31
2575,6904,8,2017-01-01,2017-12-31
9369,9321,8,2017-01-01,2017-12-31
6293,7661,8,2017-01-01,2017-12-31
9700,4034,8,2017-01-01,2017-12-31
6783,9752,8,2017-01-01,2017-12-31
7209,10762,8,2017-01-01,2017-12-31
8595,4514,8,2017-01-01,2017-12-31
774,721,8,2017-01-01,2017-12-31
778,721,8,2017-01-01,2017-12-31
772,364,8,2017-01-01,2017-12-31
2699,2674,8,2017-01-01,2017-12-31
1074,435,8,2017-01-01,2017-12-31
4013,4012,8,2017-01-01,2017-12-31
4025,4316,8,2017-01-01,2017-12-31
4025,2867,8,2017-01-01,2017-12-31
2789,4080,8,2017-01-01,2017-12-31
2511,4399,8,2017-01-01,2017-12-31
7868,1677,8,2017-01-01,2017-12-31
2857,3418,8,2017-01-01,2017-12-31
10389,4850,8,2017-01-01,2017-12-31
7220,10313,8,2017-01-01,2017-12-31
7747,4170,8,2017-01-01,2017-12-31
10756,10799,8,2017-01-01,2017-12-31
10702,10785,8,2017-01-01,2017-12-31
1343,9828,8,2017-01-01,2017-12-31
8562,6113,8,2017-01-01,2017-12-31
5093,10310,8,2017-01-01,2017-12-31
9101,8556,8,2017-01-01,2017-12-31
2655,2699,8,2017-01-01,2017-12-31
3173,2550,8,2017-01-01,2017-12-31
2993,959,8,2017-01-01,2017-12-31
477,2734,8,2017-01-01,2017-12-31
2959,1484,8,2017-01-01,2017-12-31
4650,2701,8,2017-01-01,2017-12-31
3554,141,8,2017-01-01,2017-12-31
4969,1884,8,2017-01-01,2017-12-31
7727,7780,8,2017-01-01,2017-12-31
5503,1715,8,2017-01-01,2017-12-31
3278,7662,8,2017-01-01,2017-12-31
9363,9340,8,2017-01-01,2017-12-31
10095,10089,8,2017-01-01,2017-12-31
10481,10494,8,2017-01-01,2017-12-31
3021,8584,8,2017-01-01,2017-12-31
10975,9063,8,2017-01-01,2017-12-31
755,739,8,2017-01-01,2017-12-31
2674,2655,8,2017-01-01,2017-12-31
5481,4373,8,2017-01-01,2017-12-31
7508,4384,8,2017-01-01,2017-12-31
8006,2544,8,2017-01-01,2017-12-31
4441,5546,8,2017-01-01,2017-12-31
1715,5503,8,2017-01-01,2017-12-31
1635,5482,8,2017-01-01,2017-12-31
1635,8190,8,2017-01-01,2017-12-31
5789,5482,8,2017-01-01,2017-12-31
1769,6857,8,2017-01-01,2017-12-31
2231,7209,8,2017-01-01,2017-12-31
10110,9822,8,2017-01-01,2017-12-31
7520,4275,8,2017-01-01,2017-12-31
6113,4170,8,2017-01-01,2017-12-31
275,205,8,2017-01-01,2017-12-31
755,751,8,2017-01-01,2017-12-31
759,746,8,2017-01-01,2017-12-31
1056,759,8,2017-01-01,2017-12-31
1561,1542,8,2017-01-01,2017-12-31
2182,2137,8,2017-01-01,2017-12-31
3064,3002,8,2017-01-01,2017-12-31
3405,3172,8,2017-01-01,2017-12-31
4398,4359,8,2017-01-01,2017-12-31
1365,1608,8,2017-01-01,2017-12-31
5737,5789,8,2017-01-01,2017-12-31
8037,8093,8,2017-01-01,2017-12-31
11074,10937,8,2017-01-01,2017-12-31
1052,1158,8,2017-01-01,2017-12-31
4012,4364,8,2017-01-01,2017-12-31
2759,928,8,2017-01-01,2017-12-31
191,382,8,2017-01-01,2017-12-31
3367,4632,8,2017-01-01,2017-12-31
10352,10373,8,2017-01-01,2017-12-31
10785,10702,8,2017-01-01,2017-12-31
11137,11176,8,2017-01-01,2017-12-31
10229,919,8,2017-01-01,2017-12-31
7661,13249,8,2017-01-01,2017-12-31
7194,2548,8,2017-01-01,2017-12-31
360,392,8,2017-01-01,2017-12-31
1337,1314,8,2017-01-01,2017-12-31
2236,2295,8,2017-01-01,2017-12-31
2969,2759,8,2017-01-01,2017-12-31
5404,5431,8,2017-01-01,2017-12-31
8057,2548,8,2017-01-01,2017-12-31
362,395,8,2017-01-01,2017-12-31
701,759,8,2017-01-01,2017-12-31
328,324,8,2017-01-01,2017-12-31
2910,2901,8,2017-01-01,2017-12-31
4016,4052,8,2017-01-01,2017-12-31
2511,2939,8,2017-01-01,2017-12-31
5734,5720,8,2017-01-01,2017-12-31
4316,2294,8,2017-01-01,2017-12-31
8209,8289,8,2017-01-01,2017-12-31
8209,7082,8,2017-01-01,2017-12-31
4373,6854,8,2017-01-01,2017-12-31
5867,7379,8,2017-01-01,2017-12-31
7605,5789,8,2017-01-01,2017-12-31
10017,10083,8,2017-01-01,2017-12-31
10767,10778,8,2017-01-01,2017-12-31
10767,10719,8,2017-01-01,2017-12-31
1464,9441,8,2017-01-01,2017-12-31
12567,12530,8,2017-01-01,2017-12-31
6743,9721,8,2017-01-01,2017-12-31
719,778,8,2017-01-01,2017-12-31
2922,2927,8,2017-01-01,2017-12-31
274,3180,8,2017-01-01,2017-12-31
4017,4013,8,2017-01-01,2017-12-31
975,2717,8,2017-01-01,2017-12-31
1254,1097,8,2017-01-01,2017-12-31
5564,8146,8,2017-01-01,2017-12-31
6166,4774,8,2017-01-01,2017-12-31
7898,4034,8,2017-01-01,2017-12-31
8562,3021,8,2017-01-01,2017-12-31
10767,10762,8,2017-01-01,2017-12-31
3021,8596,8,2017-01-01,2017-12-31
211,266,8,2017-01-01,2017-12-31
721,778,8,2017-01-01,2017-12-31
1619,438,8,2017-01-01,2017-12-31
2717,975,8,2017-01-01,2017-12-31
4388,407,8,2017-01-01,2017-12-31
4969,3544,8,2017-01-01,2017-12-31
2790,5711,8,2017-01-01,2017-12-31
3590,7820,8,2017-01-01,2017-12-31
8684,8128,8,2017-01-01,2017-12-31
4170,9376,8,2017-01-01,2017-12-31
6591,2964,8,2017-01-01,2017-12-31
5111,13249,8,2017-01-01,2017-12-31
392,360,8,2017-01-01,2017-12-31
2701,4650,8,2017-01-01,2017-12-31
6071,6069,8,2017-01-01,2017-12-31
8078,9363,8,2017-01-01,2017-12-31
7661,6293,8,2017-01-01,2017-12-31
6729,7209,8,2017-01-01,2017-12-31
6053,3275,8,2017-01-01,2017-12-31
10899,167,8,2017-01-01,2017-12-31
9862,6591,8,2017-01-01,2017-12-31
244,289,8,2017-01-01,2017-12-31
751,739,8,2017-01-01,2017-12-31
1095,368,8,2017-01-01,2017-12-31
1971,1984,8,2017-01-01,2017-12-31
4012,4013,8,2017-01-01,2017-12-31
2759,2939,8,2017-01-01,2017-12-31
2941,4083,8,2017-01-01,2017-12-31
2336,1849,8,2017-01-01,2017-12-31
6447,8068,8,2017-01-01,2017-12-31
5789,1677,8,2017-01-01,2017-12-31
4774,2354,8,2017-01-01,2017-12-31
10762,10798,8,2017-01-01,2017-12-31
10799,10756,8,2017-01-01,2017-12-31
10899,9282,8,2017-01-01,2017-12-31
731,719,8,2017-01-01,2017-12-31
915,1314,8,2017-01-01,2017-12-31
5795,5766,8,2017-01-01,2017-12-31
2294,6017,8,2017-01-01,2017-12-31
7253,7291,8,2017-01-01,2017-12-31
2719,9586,8,2017-01-01,2017-12-31
10046,9363,8,2017-01-01,2017-12-31
1020,1437,8,2017-01-01,2017-12-31
10716,10764,8,2017-01-01,2017-12-31
8596,9522,8,2017-01-01,2017-12-31
798,10308,8,2017-01-01,2017-12-31
7721,9540,8,2017-01-01,2017-12-31
716,752,8,2017-01-01,2017-12-31
525,584,8,2017-01-01,2017-12-31
4052,4013,8,2017-01-01,2017-12-31
441,1635,8,2017-01-01,2017-12-31
2969,2511,8,2017-01-01,2017-12-31
2957,1429,8,2017-01-01,2017-12-31
5769,950,8,2017-01-01,2017-12-31
2723,4142,8,2017-01-01,2017-12-31
9282,10899,8,2017-01-01,2017-12-31
7721,13564,8,2017-01-01,2017-12-31
716,739,8,2017-01-01,2017-12-31
755,752,8,2017-01-01,2017-12-31
1314,1337,8,2017-01-01,2017-12-31
438,1619,8,2017-01-01,2017-12-31
4346,4069,8,2017-01-01,2017-12-31
4399,2511,8,2017-01-01,2017-12-31
2231,6729,8,2017-01-01,2017-12-31
4235,5416,8,2017-01-01,2017-12-31
11909,11910,8,2017-01-01,2017-12-31
733,724,8,2017-01-01,2017-12-31
716,755,8,2017-01-01,2017-12-31
759,751,8,2017-01-01,2017-12-31
852,802,8,2017-01-01,2017-12-31
2111,2131,8,2017-01-01,2017-12-31
2544,2596,8,2017-01-01,2017-12-31
2655,2667,8,2017-01-01,2017-12-31
3332,3343,8,2017-01-01,2017-12-31
6064,5481,8,2017-01-01,2017-12-31
7508,756,8,2017-01-01,2017-12-31
10407,10439,8,2017-01-01,2017-12-31
10325,7505,8,2017-01-01,2017-12-31
5416,4235,8,2017-01-01,2017-12-31
11939,8040,8,2017-01-01,2017-12-31
11211,2588,8,2017-01-01,2017-12-31
407,1666,8,2017-01-01,2017-12-31
2867,4025,8,2017-01-01,2017-12-31
4083,2941,8,2017-01-01,2017-12-31
2759,4674,8,2017-01-01,2017-12-31
2776,4468,8,2017-01-01,2017-12-31
7243,7505,8,2017-01-01,2017-12-31
3309,8539,8,2017-01-01,2017-12-31
4059,4017,8,2017-01-01,2017-12-31
4016,4080,8,2017-01-01,2017-12-31
3752,811,8,2017-01-01,2017-12-31
4388,4053,8,2017-01-01,2017-12-31
2939,4042,8,2017-01-01,2017-12-31
8289,8209,8,2017-01-01,2017-12-31
7747,6113,8,2017-01-01,2017-12-31
364,392,8,2017-01-01,2017-12-31
3615,3609,8,2017-01-01,2017-12-31
4025,1337,8,2017-01-01,2017-12-31
5734,5744,8,2017-01-01,2017-12-31
2269,2488,8,2017-01-01,2017-12-31
4969,5491,8,2017-01-01,2017-12-31
6001,2717,8,2017-01-01,2017-12-31
6824,6832,8,2017-01-01,2017-12-31
5787,5989,8,2017-01-01,2017-12-31
3093,2926,8,2017-01-01,2017-12-31
7618,8190,8,2017-01-01,2017-12-31
10095,10022,8,2017-01-01,2017-12-31
8424,8194,8,2017-01-01,2017-12-31
10785,10719,8,2017-01-01,2017-12-31
1343,2097,8,2017-01-01,2017-12-31
9063,1464,8,2017-01-01,2017-12-31
4052,4042,8,2017-01-01,2017-12-31
1643,2544,8,2017-01-01,2017-12-31
4339,4316,8,2017-01-01,2017-12-31
5422,5434,8,2017-01-01,2017-12-31
7039,7082,8,2017-01-01,2017-12-31
6208,1673,8,2017-01-01,2017-12-31
5922,2717,8,2017-01-01,2017-12-31
3064,3028,8,2017-01-01,2017-12-31
1598,3940,8,2017-01-01,2017-12-31
4205,4212,8,2017-01-01,2017-12-31
4364,4009,8,2017-01-01,2017-12-31
407,4395,8,2017-01-01,2017-12-31
6096,6077,8,2017-01-01,2017-12-31
4316,4969,8,2017-01-01,2017-12-31
7114,7194,8,2017-01-01,2017-12-31
3590,5482,8,2017-01-01,2017-12-31
9954,9988,8,2017-01-01,2017-12-31
266,211,8,2017-01-01,2017-12-31
731,778,8,2017-01-01,2017-12-31
1332,1315,8,2017-01-01,2017-12-31
2197,2175,8,2017-01-01,2017-12-31
5706,5769,8,2017-01-01,2017-12-31
4092,1342,8,2017-01-01,2017-12-31
2294,4674,8,2017-01-01,2017-12-31
3330,3735,8,2017-01-01,2017-12-31
5116,7191,8,2017-01-01,2017-12-31
5789,7605,8,2017-01-01,2017-12-31
5201,8446,8,2017-01-01,2017-12-31
10067,356,8,2017-01-01,2017-12-31
778,719,8,2017-01-01,2017-12-31
2667,2674,8,2017-01-01,2017-12-31
4013,4017,8,2017-01-01,2017-12-31
4042,4013,8,2017-01-01,2017-12-31
1371,2759,8,2017-01-01,2017-12-31
4053,2867,8,2017-01-01,2017-12-31
4059,2941,8,2017-01-01,2017-12-31
2993,2734,8,2017-01-01,2017-12-31
95,3330,8,2017-01-01,2017-12-31
1208,7866,8,2017-01-01,2017-12-31
2857,7605,8,2017-01-01,2017-12-31
7605,3735,8,2017-01-01,2017-12-31
7810,9098,8,2017-01-01,2017-12-31
10975,1464,8,2017-01-01,2017-12-31
7076,3432,8,2017-01-01,2017-12-31
4827,628,8,2017-01-01,2017-12-31
6591,8810,8,2017-01-01,2017-12-31
5544,4441,8,2017-01-01,2017-12-31
1917,3802,8,2017-01-01,2017-12-31
1677,6084,8,2017-01-01,2017-12-31
6805,3286,8,2017-01-01,2017-12-31
10785,10778,8,2017-01-01,2017-12-31
10785,10767,8,2017-01-01,2017-12-31
10017,1138,8,2017-01-01,2017-12-31
356,13564,8,2017-01-01,2017-12-31
802,852,8,2017-01-01,2017-12-31
716,733,8,2017-01-01,2017-12-31
5009,4903,8,2017-01-01,2017-12-31
6729,1715,8,2017-01-01,2017-12-31
2201,8562,8,2017-01-01,2017-12-31
2185,8595,8,2017-01-01,2017-12-31
10541,10899,8,2017-01-01,2017-12-31
733,701,8,2017-01-01,2017-12-31
739,751,8,2017-01-01,2017-12-31
1484,1464,8,2017-01-01,2017-12-31
5740,5742,8,2017-01-01,2017-12-31
1884,4942,8,2017-01-01,2017-12-31
5481,2294,8,2017-01-01,2017-12-31
7778,7741,8,2017-01-01,2017-12-31
2504,7162,8,2017-01-01,2017-12-31
5423,1677,8,2017-01-01,2017-12-31
6507,5869,8,2017-01-01,2017-12-31
5564,7612,8,2017-01-01,2017-12-31
10022,10095,8,2017-01-01,2017-12-31
3356,3286,8,2017-01-01,2017-12-31
10716,10714,8,2017-01-01,2017-12-31
479,8584,8,2017-01-01,2017-12-31
7661,13296,8,2017-01-01,2017-12-31
731,721,8,2017-01-01,2017-12-31
3154,3172,8,2017-01-01,2017-12-31
670,226,8,2017-01-01,2017-12-31
290,602,8,2017-01-01,2017-12-31
1484,4042,8,2017-01-01,2017-12-31
5789,8190,8,2017-01-01,2017-12-31
6707,3590,8,2017-01-01,2017-12-31
9098,6805,8,2017-01-01,2017-12-31
10083,10017,8,2017-01-01,2017-12-31
2185,4514,8,2017-01-01,2017-12-31
309,313,8,2017-01-01,2017-12-31
2780,2760,8,2017-01-01,2017-12-31
3028,3064,8,2017-01-01,2017-12-31
3994,3971,8,2017-01-01,2017-12-31
602,290,8,2017-01-01,2017-12-31
3421,247,8,2017-01-01,2017-12-31
5953,5966,8,2017-01-01,2017-12-31
9340,9363,8,2017-01-01,2017-12-31
9906,9988,8,2017-01-01,2017-12-31
1677,8961,8,2017-01-01,2017-12-31
11649,11687,8,2017-01-01,2017-12-31
8040,11939,8,2017-01-01,2017-12-31
1053,368,8,2017-01-01,2017-12-31
1598,1503,8,2017-01-01,2017-12-31
3413,3414,8,2017-01-01,2017-12-31
4025,1371,8,2017-01-01,2017-12-31
6447,6100,8,2017-01-01,2017-12-31
7810,3356,8,2017-01-01,2017-12-31
7810,3153,8,2017-01-01,2017-12-31
4827,4917,8,2017-01-01,2017-12-31
4483,10478,8,2017-01-01,2017-12-31
5212,7099,8,2017-01-01,2017-12-31
1542,1561,8,2017-01-01,2017-12-31
4011,4364,8,2017-01-01,2017-12-31
1337,407,8,2017-01-01,2017-12-31
5720,5734,8,2017-01-01,2017-12-31
6730,6769,8,2017-01-01,2017-12-31
5055,6013,8,2017-01-01,2017-12-31
7822,7713,8,2017-01-01,2017-12-31
3503,7820,8,2017-01-01,2017-12-31
10037,10083,8,2017-01-01,2017-12-31
92,9441,8,2017-01-01,2017-12-31
8679,4170,8,2017-01-01,2017-12-31
3361,6777,8,2017-01-01,2017-12-31
10016,6548,8,2017-01-01,2017-12-31
774,778,8,2017-01-01,2017-12-31
755,759,8,2017-01-01,2017-12-31
739,701,8,2017-01-01,2017-12-31
894,859,8,2017-01-01,2017-12-31
1033,780,8,2017-01-01,2017-12-31
4364,4336,8,2017-01-01,2017-12-31
2969,2867,8,2017-01-01,2017-12-31
5788,5769,8,2017-01-01,2017-12-31
6063,6064,8,2017-01-01,2017-12-31
3920,5467,8,2017-01-01,2017-12-31
10767,10764,8,2017-01-01,2017-12-31
10741,10720,8,2017-01-01,2017-12-31
9862,9600,8,2017-01-01,2017-12-31
650,610,8,2017-01-01,2017-12-31
928,915,8,2017-01-01,2017-12-31
2560,1692,8,2017-01-01,2017-12-31
1314,930,8,2017-01-01,2017-12-31
4025,4399,8,2017-01-01,2017-12-31
2941,1464,8,2017-01-01,2017-12-31
4942,2773,8,2017-01-01,2017-12-31
8190,1635,8,2017-01-01,2017-12-31
4391,11192,8,2017-01-01,2017-12-31
1451,1403,8,2017-01-01,2017-12-31
2222,2263,8,2017-01-01,2017-12-31
95,2326,8,2017-01-01,2017-12-31
2531,2600,8,2017-01-01,2017-12-31
3490,3405,8,2017-01-01,2017-12-31
4017,4016,8,2017-01-01,2017-12-31
4364,4012,8,2017-01-01,2017-12-31
4339,4080,8,2017-01-01,2017-12-31
2717,2959,8,2017-01-01,2017-12-31
2969,4399,8,2017-01-01,2017-12-31
975,4025,8,2017-01-01,2017-12-31
950,477,8,2017-01-01,2017-12-31
5946,5922,8,2017-01-01,2017-12-31
6017,4316,8,2017-01-01,2017-12-31
95,1677,8,2017-01-01,2017-12-31
4142,2723,8,2017-01-01,2017-12-31
10764,10767,8,2017-01-01,2017-12-31
10833,10899,8,2017-01-01,2017-12-31
1464,9063,8,2017-01-01,2017-12-31
8961,11290,8,2017-01-01,2017-12-31
13781,11450,8,2017-01-01,2017-12-31
736,728,8,2017-01-01,2017-12-31
940,993,8,2017-01-01,2017-12-31
917,937,8,2017-01-01,2017-12-31
5467,5435,8,2017-01-01,2017-12-31
5792,5775,8,2017-01-01,2017-12-31
6017,2294,8,2017-01-01,2017-12-31
6854,4373,8,2017-01-01,2017-12-31
7866,5789,8,2017-01-01,2017-12-31
6813,5482,8,2017-01-01,2017-12-31
10900,10806,8,2017-01-01,2017-12-31
10764,4451,8,2017-01-01,2017-12-31
5081,9539,8,2017-01-01,2017-12-31
6519,363,8,2017-01-01,2017-12-31
733,727,8,2017-01-01,2017-12-31
751,755,8,2017-01-01,2017-12-31
247,3421,8,2017-01-01,2017-12-31
4053,1371,8,2017-01-01,2017-12-31
4042,2939,8,2017-01-01,2017-12-31
5491,6064,8,2017-01-01,2017-12-31
7868,7820,8,2017-01-01,2017-12-31
7801,8579,8,2017-01-01,2017-12-31
13731,11450,8,2017-01-01,2017-12-31
12323,13564,8,2017-01-01,2017-12-31
915,928,8,2017-01-01,2017-12-31
901,975,8,2017-01-01,2017-12-31
368,746,8,2017-01-01,2017-12-31
1484,2969,8,2017-01-01,2017-12-31
3590,6707,8,2017-01-01,2017-12-31
9699,9700,8,2017-01-01,2017-12-31
2841,4774,8,2017-01-01,2017-12-31
2544,9068,8,2017-01-01,2017-12-31
6317,4713,8,2017-01-01,2017-12-31
517,10757,8,2017-01-01,2017-12-31
764,761,8,2017-01-01,2017-12-31
724,771,8,2017-01-01,2017-12-31
1173,1106,8,2017-01-01,2017-12-31
2279,2273,8,2017-01-01,2017-12-31
2759,2959,8,2017-01-01,2017-12-31
4346,1444,8,2017-01-01,2017-12-31
5468,5484,8,2017-01-01,2017-12-31
8539,3309,8,2017-01-01,2017-12-31
831,852,8,2017-01-01,2017-12-31
2699,2655,8,2017-01-01,2017-12-31
1766,2905,8,2017-01-01,2017-12-31
6064,6039,8,2017-01-01,2017-12-31
5737,281,8,2017-01-01,2017-12-31
10652,10631,8,2017-01-01,2017-12-31
10719,10767,8,2017-01-01,2017-12-31
11280,5748,8,2017-01-01,2017-12-31
11280,9127,8,2017-01-01,2017-12-31
313,385,8,2017-01-01,2017-12-31
759,1056,8,2017-01-01,2017-12-31
772,368,8,2017-01-01,2017-12-31
979,1377,8,2017-01-01,2017-12-31
5744,5761,8,2017-01-01,2017-12-31
3330,95,8,2017-01-01,2017-12-31
950,5769,8,2017-01-01,2017-12-31
3093,5423,8,2017-01-01,2017-12-31
9069,3356,8,2017-01-01,2017-12-31
211,1677,8,2017-01-01,2017-12-31
10778,10714,8,2017-01-01,2017-12-31
6030,486,8,2017-01-01,2017-12-31
5021,1240,8,2017-01-01,2017-12-31
13819,1947,8,2017-01-01,2017-12-31
805,894,8,2017-01-01,2017-12-31
308,385,8,2017-01-01,2017-12-31
2260,2288,8,2017-01-01,2017-12-31
1666,407,8,2017-01-01,2017-12-31
5775,5792,8,2017-01-01,2017-12-31
5612,6584,8,2017-01-01,2017-12-31
5546,6805,8,2017-01-01,2017-12-31
10349,6707,8,2017-01-01,2017-12-31
10702,10778,8,2017-01-01,2017-12-31
8584,479,8,2017-01-01,2017-12-31
2378,10937,8,2017-01-01,2017-12-31
10596,11610,8,2017-01-01,2017-12-31
859,435,8,2017-01-01,2017-12-31
610,684,8,2017-01-01,2017-12-31
771,746,8,2017-01-01,2017-12-31
1073,1002,8,2017-01-01,2017-12-31
4013,4042,8,2017-01-01,2017-12-31
2511,1666,8,2017-01-01,2017-12-31
4025,4395,8,2017-01-01,2017-12-31
4969,5481,8,2017-01-01,2017-12-31
5491,4969,8,2017-01-01,2017-12-31
1677,3330,8,2017-01-01,2017-12-31
6813,3278,8,2017-01-01,2017-12-31
6813,8190,8,2017-01-01,2017-12-31
2482,2973,8,2017-01-01,2017-12-31
6447,3590,8,2017-01-01,2017-12-31
7209,2231,8,2017-01-01,2017-12-31
1475,9522,8,2017-01-01,2017-12-31
859,805,8,2017-01-01,2017-12-31
2131,2137,8,2017-01-01,2017-12-31
2411,2489,8,2017-01-01,2017-12-31
4053,975,8,2017-01-01,2017-12-31
5435,5467,8,2017-01-01,2017-12-31
5724,5769,8,2017-01-01,2017-12-31
5423,3590,8,2017-01-01,2017-12-31
1677,5789,8,2017-01-01,2017-12-31
10512,993,8,2017-01-01,2017-12-31
6208,5748,8,2017-01-01,2017-12-31
4816,10022,8,2017-01-01,2017-12-31
334,1007,8,2017-01-01,2017-12-31
2247,2262,8,2017-01-01,2017-12-31
4336,4364,8,2017-01-01,2017-12-31
2941,4059,8,2017-01-01,2017-12-31
5724,5788,8,2017-01-01,2017-12-31
5927,5934,8,2017-01-01,2017-12-31
6039,6064,8,2017-01-01,2017-12-31
2886,5911,8,2017-01-01,2017-12-31
2926,8158,8,2017-01-01,2017-12-31
5482,5789,8,2017-01-01,2017-12-31
6750,7662,8,2017-01-01,2017-12-31
2482,8363,8,2017-01-01,2017-12-31
8158,5668,8,2017-01-01,2017-12-31
10937,11046,8,2017-01-01,2017-12-31
724,739,8,2017-01-01,2017-12-31
760,771,8,2017-01-01,2017-12-31
4388,4025,8,2017-01-01,2017-12-31
5769,5706,8,2017-01-01,2017-12-31
2773,4942,8,2017-01-01,2017-12-31
5720,5954,8,2017-01-01,2017-12-31
6474,6453,8,2017-01-01,2017-12-31
10145,2441,8,2017-01-01,2017-12-31
8445,1343,8,2017-01-01,2017-12-31
311,1850,8,2017-01-01,2017-12-31
4212,4205,8,2017-01-01,2017-12-31
4053,4316,8,2017-01-01,2017-12-31
3012,1701,8,2017-01-01,2017-12-31
4969,6809,8,2017-01-01,2017-12-31
5482,6813,8,2017-01-01,2017-12-31
3418,2926,8,2017-01-01,2017-12-31
9522,8562,8,2017-01-01,2017-12-31
3677,9063,8,2017-01-01,2017-12-31
380,344,8,2017-01-01,2017-12-31
746,759,8,2017-01-01,2017-12-31
930,975,8,2017-01-01,2017-12-31
1001,1056,8,2017-01-01,2017-12-31
4009,4364,8,2017-01-01,2017-12-31
2969,2717,8,2017-01-01,2017-12-31
1613,5668,8,2017-01-01,2017-12-31
1208,7872,8,2017-01-01,2017-12-31
92,1917,8,2017-01-01,2017-12-31
9066,4034,8,2017-01-01,2017-12-31
10325,10377,8,2017-01-01,2017-12-31
4917,4816,8,2017-01-01,2017-12-31
6733,9101,8,2017-01-01,2017-12-31
2182,2111,8,2017-01-01,2017-12-31
2065,3078,8,2017-01-01,2017-12-31
4656,4632,8,2017-01-01,2017-12-31
407,2789,8,2017-01-01,2017-12-31
1371,407,8,2017-01-01,2017-12-31
2969,4388,8,2017-01-01,2017-12-31
1635,7605,8,2017-01-01,2017-12-31
5575,870,8,2017-01-01,2017-12-31
9679,9610,8,2017-01-01,2017-12-31
8961,8363,8,2017-01-01,2017-12-31
3021,8679,8,2017-01-01,2017-12-31
8596,3021,8,2017-01-01,2017-12-31
605,659,8,2017-01-01,2017-12-31
1994,1963,8,2017-01-01,2017-12-31
2531,2573,8,2017-01-01,2017-12-31
2655,2674,8,2017-01-01,2017-12-31
1053,3421,8,2017-01-01,2017-12-31
1635,625,8,2017-01-01,2017-12-31
4080,4339,8,2017-01-01,2017-12-31
7162,2504,8,2017-01-01,2017-12-31
5966,6896,8,2017-01-01,2017-12-31
7662,7039,8,2017-01-01,2017-12-31
10764,10714,8,2017-01-01,2017-12-31
12323,7721,8,2017-01-01,2017-12-31
368,374,8,2017-01-01,2017-12-31
975,407,8,2017-01-01,2017-12-31
2867,4053,8,2017-01-01,2017-12-31
4969,4607,8,2017-01-01,2017-12-31
5590,6773,8,2017-01-01,2017-12-31
1624,2975,8,2017-01-01,2017-12-31
9755,9704,8,2017-01-01,2017-12-31
9828,1246,8,2017-01-01,2017-12-31
10714,10764,8,2017-01-01,2017-12-31
10780,10741,8,2017-01-01,2017-12-31
281,211,8,2017-01-01,2017-12-31
354,1031,8,2017-01-01,2017-12-31
2600,2531,8,2017-01-01,2017-12-31
2734,3120,8,2017-01-01,2017-12-31
4011,1464,8,2017-01-01,2017-12-31
7082,7039,8,2017-01-01,2017-12-31
11143,11101,8,2017-01-01,2017-12-31
2131,2182,8,2017-01-01,2017-12-31
4283,4441,8,2017-01-01,2017-12-31
7733,4184,8,2017-01-01,2017-12-31
3275,6053,8,2017-01-01,2017-12-31
364,1095,8,2017-01-01,2017-12-31
364,772,8,2017-01-01,2017-12-31
1692,443,8,2017-01-01,2017-12-31
2719,1005,8,2017-01-01,2017-12-31
4373,5443,8,2017-01-01,2017-12-31
4850,10389,8,2017-01-01,2017-12-31
3802,9069,8,2017-01-01,2017-12-31
5207,8735,8,2017-01-01,2017-12-31
4170,479,8,2017-01-01,2017-12-31
4170,8596,8,2017-01-01,2017-12-31
3298,7007,8,2017-01-01,2017-12-31
9376,4170,8,2017-01-01,2017-12-31
10661,8363,8,2017-01-01,2017-12-31
10439,10548,8,2017-01-01,2017-12-31
10548,10439,8,2017-01-01,2017-12-31
2964,6591,8,2017-01-01,2017-12-31
6323,6535,8,2017-01-01,2017-12-31
356,13221,8,2017-01-01,2017-12-31
313,309,8,2017-01-01,2017-12-31
740,752,8,2017-01-01,2017-12-31
759,739,8,2017-01-01,2017-12-31
3440,1095,8,2017-01-01,2017-12-31
4646,4656,8,2017-01-01,2017-12-31
2969,1484,8,2017-01-01,2017-12-31
4388,2939,8,2017-01-01,2017-12-31
4990,1884,8,2017-01-01,2017-12-31
6855,6870,8,2017-01-01,2017-12-31
6813,7866,8,2017-01-01,2017-12-31
3021,8120,8,2017-01-01,2017-12-31
1343,1678,8,2017-01-01,2017-12-31
11225,10022,8,2017-01-01,2017-12-31
755,772,8,2017-01-01,2017-12-31
1095,364,8,2017-01-01,2017-12-31
2354,2345,8,2017-01-01,2017-12-31
4990,1865,8,2017-01-01,2017-12-31
2262,4226,8,2017-01-01,2017-12-31
8093,8037,8,2017-01-01,2017-12-31
8010,942,8,2017-01-01,2017-12-31
7162,9766,8,2017-01-01,2017-12-31
10334,10352,8,2017-01-01,2017-12-31
1637,392,8,2017-01-01,2017-12-31
9540,356,8,2017-01-01,2017-12-31
930,1482,8,2017-01-01,2017-12-31
2867,2969,8,2017-01-01,2017-12-31
2939,2717,8,2017-01-01,2017-12-31
5596,5590,8,2017-01-01,2017-12-31
4399,5490,8,2017-01-01,2017-12-31
1342,4092,8,2017-01-01,2017-12-31
3278,2926,8,2017-01-01,2017-12-31
870,5575,8,2017-01-01,2017-12-31
2204,276,8,2017-01-01,2017-12-31
10714,10767,8,2017-01-01,2017-12-31
772,739,8,2017-01-01,2017-12-31
760,733,8,2017-01-01,2017-12-31
1314,1371,8,2017-01-01,2017-12-31
441,1677,8,2017-01-01,2017-12-31
5310,5370,8,2017-01-01,2017-12-31
1250,935,8,2017-01-01,2017-12-31
5788,5798,8,2017-01-01,2017-12-31
2294,5491,8,2017-01-01,2017-12-31
8128,8684,8,2017-01-01,2017-12-31
9068,2544,8,2017-01-01,2017-12-31
10764,10785,8,2017-01-01,2017-12-31
5016,11007,8,2017-01-01,2017-12-31
10022,4816,8,2017-01-01,2017-12-31
9540,13564,8,2017-01-01,2017-12-31
293,248,8,2017-01-01,2017-12-31
716,771,8,2017-01-01,2017-12-31
1053,364,8,2017-01-01,2017-12-31
368,739,8,2017-01-01,2017-12-31
4044,1464,8,2017-01-01,2017-12-31
6769,6730,8,2017-01-01,2017-12-31
8598,8589,8,2017-01-01,2017-12-31
8995,8965,8,2017-01-01,2017-12-31
9063,10975,8,2017-01-01,2017-12-31
684,650,8,2017-01-01,2017-12-31
733,751,8,2017-01-01,2017-12-31
719,731,8,2017-01-01,2017-12-31
274,205,8,2017-01-01,2017-12-31
752,771,8,2017-01-01,2017-12-31
2134,2190,8,2017-01-01,2017-12-31
441,625,8,2017-01-01,2017-12-31
2941,1696,8,2017-01-01,2017-12-31
5456,5414,8,2017-01-01,2017-12-31
4969,4316,8,2017-01-01,2017-12-31
3576,2759,8,2017-01-01,2017-12-31
8411,8403,8,2017-01-01,2017-12-31
5411,2776,8,2017-01-01,2017-12-31
10714,10778,8,2017-01-01,2017-12-31
